Gender,Year,Name,State_Count
F,2014,Sophia,1274
F,2014,Olivia,1255
F,2014,Emma,1211
F,2014,Isabella,1164
F,2014,Mia,990
F,2014,Ava,928
F,2014,Emily,881
F,2014,Abigail,727
F,2014,Madison,726
F,2014,Sofia,631
F,2014,Charlotte,628
F,2014,Leah,626
F,2014,Chloe,616
F,2014,Ella,562
F,2014,Grace,548
F,2014,Gabriella,547
F,2014,Amelia,530
F,2014,Victoria,521
F,2014,Avery,490
F,2014,Sarah,481
F,2014,Elizabeth,440
F,2014,Samantha,427
F,2014,Gianna,402
F,2014,Ariana,398
F,2014,Zoe,390
F,2014,Esther,385
F,2014,Lily,384
F,2014,Evelyn,383
F,2014,Rachel,381
F,2014,Natalie,377
F,2014,Arianna,368
F,2014,Maya,359
F,2014,Hailey,345
F,2014,Layla,345
F,2014,Anna,341
F,2014,Hannah,339
F,2014,Savannah,334
F,2014,Valentina,334
F,2014,Harper,332
F,2014,Ashley,327
F,2014,Allison,325
F,2014,Scarlett,323
F,2014,Aria,317
F,2014,Julia,316
F,2014,Camila,310
F,2014,Aubrey,308
F,2014,Penelope,301
F,2014,Zoey,300
F,2014,Lillian,288
F,2014,Alexa,285
F,2014,Brianna,281
F,2014,Skylar,275
F,2014,Riley,273
F,2014,Bella,271
F,2014,Kayla,266
F,2014,Mila,261
F,2014,Eva,260
F,2014,Alexandra,254
F,2014,Madelyn,254
F,2014,Nora,252
F,2014,Addison,251
F,2014,Sara,251
F,2014,Chaya,250
F,2014,Kaylee,249
F,2014,Aaliyah,246
F,2014,Genesis,246
F,2014,Madeline,244
F,2014,Angelina,243
F,2014,Kylie,243
F,2014,Stella,238
F,2014,Eliana,231
F,2014,Alyssa,230
F,2014,Claire,229
F,2014,Mackenzie,227
F,2014,Peyton,227
F,2014,Violet,227
F,2014,Isabelle,218
F,2014,Audrey,215
F,2014,Taylor,215
F,2014,Melanie,212
F,2014,Katherine,211
F,2014,Sophie,207
F,2014,Naomi,206
F,2014,Miriam,203
F,2014,Sadie,200
F,2014,Khloe,198
F,2014,Nicole,198
F,2014,Alexis,194
F,2014,Jasmine,193
F,2014,Vivian,193
F,2014,Lauren,189
F,2014,Annabelle,188
F,2014,Juliana,186
F,2014,Maria,185
F,2014,Adriana,184
F,2014,Brooke,184
F,2014,Emilia,183
F,2014,London,181
F,2014,Amy,180
F,2014,Autumn,180
F,2014,Eleanor,179
F,2014,Rivka,175
F,2014,Chana,174
F,2014,Lucy,173
F,2014,Serenity,172
F,2014,Alice,171
F,2014,Julianna,169
F,2014,Paige,169
F,2014,Faith,168
F,2014,Brielle,162
F,2014,Kimberly,162
F,2014,Ruby,162
F,2014,Ellie,161
F,2014,Elena,159
F,2014,Caroline,158
F,2014,Rose,158
F,2014,Fiona,157
F,2014,Kaitlyn,157
F,2014,Liliana,157
F,2014,Kennedy,156
F,2014,Mya,156
F,2014,Michelle,154
F,2014,Angela,153
F,2014,Isabel,153
F,2014,Aubree,151
F,2014,Nevaeh,151
F,2014,Sydney,149
F,2014,Alina,145
F,2014,Rebecca,145
F,2014,Morgan,144
F,2014,Makayla,142
F,2014,Catherine,139
F,2014,Molly,139
F,2014,Natalia,139
F,2014,Brooklyn,138
F,2014,Laila,138
F,2014,Quinn,138
F,2014,Jessica,135
F,2014,Stephanie,134
F,2014,Gabrielle,133
F,2014,Lila,133
F,2014,Lydia,132
F,2014,Jade,131
F,2014,Chelsea,129
F,2014,Ariel,128
F,2014,Aurora,128
F,2014,Juliette,127
F,2014,Luna,126
F,2014,Sienna,126
F,2014,Jocelyn,125
F,2014,Francesca,123
F,2014,Mary,123
F,2014,Daniella,122
F,2014,Jennifer,122
F,2014,Clara,121
F,2014,Gabriela,121
F,2014,Melody,121
F,2014,Adrianna,120
F,2014,Nina,120
F,2014,Josephine,119
F,2014,Piper,119
F,2014,Valerie,117
F,2014,Amaya,115
F,2014,Arya,115
F,2014,Andrea,114
F,2014,Ariella,114
F,2014,Daniela,112
F,2014,Jordyn,111
F,2014,Lyla,111
F,2014,Sabrina,111
F,2014,Cecilia,110
F,2014,Gia,110
F,2014,Aliyah,109
F,2014,Giuliana,109
F,2014,Malka,109
F,2014,Diana,108
F,2014,Juliet,108
F,2014,Cora,107
F,2014,Raizy,107
F,2014,Faigy,105
F,2014,Kendall,105
F,2014,Alana,103
F,2014,Margaret,103
F,2014,Emely,102
F,2014,Mckenzie,102
F,2014,Delilah,101
F,2014,Hazel,101
F,2014,Lilly,101
F,2014,Fatima,99
F,2014,Ivy,99
F,2014,Lucia,99
F,2014,Athena,98
F,2014,Amanda,97
F,2014,Anastasia,97
F,2014,Isla,97
F,2014,Leila,97
F,2014,Reagan,97
F,2014,Vanessa,97
F,2014,Amina,96
F,2014,Lena,96
F,2014,Destiny,94
F,2014,Madeleine,94
F,2014,Vivienne,94
F,2014,Malky,93
F,2014,Christina,92
F,2014,Mikayla,92
F,2014,Tessa,92
F,2014,Lia,91
F,2014,Payton,91
F,2014,Jayla,90
F,2014,Mariah,90
F,2014,Arabella,89
F,2014,Arielle,89
F,2014,Kate,89
F,2014,Talia,89
F,2014,Jenna,88
F,2014,Zara,88
F,2014,Annabella,87
F,2014,Gitty,87
F,2014,Mariam,87
F,2014,Reese,87
F,2014,Bailey,86
F,2014,Noelle,86
F,2014,Alessandra,85
F,2014,Eliza,85
F,2014,Eloise,85
F,2014,Genevieve,85
F,2014,Jacqueline,85
F,2014,Maeve,85
F,2014,Megan,85
F,2014,Cali,84
F,2014,Giselle,84
F,2014,Laura,84
F,2014,Summer,84
F,2014,Dylan,83
F,2014,Katelyn,83
F,2014,Lilliana,83
F,2014,Norah,83
F,2014,Amber,82
F,2014,Danielle,82
F,2014,Joanna,81
F,2014,Nyla,81
F,2014,Willow,81
F,2014,Elise,80
F,2014,Keira,80
F,2014,Ana,79
F,2014,Anaya,79
F,2014,Nylah,79
F,2014,Rylee,78
F,2014,Shaindy,78
F,2014,Yitty,78
F,2014,Alison,77
F,2014,Kiara,77
F,2014,Lola,77
F,2014,Alexandria,76
F,2014,Elsa,76
F,2014,Evangeline,76
F,2014,Londyn,76
F,2014,Alivia,75
F,2014,Gemma,75
F,2014,Izabella,75
F,2014,Nadia,75
F,2014,Alaina,74
F,2014,Phoebe,74
F,2014,Aylin,73
F,2014,Bianca,73
F,2014,Paisley,72
F,2014,Cassidy,71
F,2014,Katie,71
F,2014,Serena,71
F,2014,Leilani,70
F,2014,Maryam,70
F,2014,Paris,70
F,2014,Tiffany,70
F,2014,Alicia,69
F,2014,Ayla,69
F,2014,Amira,68
F,2014,Erin,68
F,2014,Hadley,68
F,2014,Harmony,68
F,2014,Iris,68
F,2014,Kelsey,68
F,2014,Melissa,68
F,2014,Rivky,68
F,2014,Valeria,68
F,2014,Adelyn,67
F,2014,Callie,67
F,2014,Jordan,67
F,2014,Angelica,66
F,2014,Aniyah,66
F,2014,Gracie,66
F,2014,Veronica,66
F,2014,Dakota,65
F,2014,Devorah,65
F,2014,Lea,65
F,2014,Selena,65
F,2014,Aisha,64
F,2014,Carly,64
F,2014,Heaven,64
F,2014,Luciana,64
F,2014,Ryleigh,64
F,2014,Adeline,63
F,2014,Briella,63
F,2014,Brynn,63
F,2014,Helen,63
F,2014,Leslie,63
F,2014,Michaela,63
F,2014,Brittany,62
F,2014,Jazmin,62
F,2014,Trinity,62
F,2014,Annie,61
F,2014,Baila,61
F,2014,Jada,61
F,2014,Skyla,61
F,2014,Skyler,61
F,2014,Toby,61
F,2014,Daisy,60
F,2014,Mckenna,60
F,2014,Adelaide,59
F,2014,Beatrice,59
F,2014,Charlie,59
F,2014,Eden,59
F,2014,Emerson,59
F,2014,Everly,59
F,2014,Hope,59
F,2014,Miranda,59
F,2014,Elle,58
F,2014,Hayden,58
F,2014,Julie,58
F,2014,Maggie,58
F,2014,Malia,58
F,2014,Skye,58
F,2014,Elliana,57
F,2014,Liana,57
F,2014,Milania,57
F,2014,Abby,56
F,2014,Adele,56
F,2014,Briana,56
F,2014,Kira,56
F,2014,Melina,56
F,2014,Kelly,55
F,2014,Kendra,55
F,2014,Lana,55
F,2014,Teagan,55
F,2014,Vera,55
F,2014,Adalynn,54
F,2014,Caitlin,54
F,2014,Cynthia,54
F,2014,Eileen,54
F,2014,Georgia,54
F,2014,Giavanna,54
F,2014,Jane,54
F,2014,Lilah,54
F,2014,Ruth,54
F,2014,Camille,53
F,2014,Delaney,53
F,2014,Dina,53
F,2014,Eve,53
F,2014,Nia,53
F,2014,Noa,53
F,2014,Olive,53
F,2014,Anya,52
F,2014,Dahlia,52
F,2014,Kathryn,52
F,2014,Makenzie,52
F,2014,Melany,52
F,2014,Milan,52
F,2014,Pearl,52
F,2014,Ada,51
F,2014,Aleena,51
F,2014,Haylee,51
F,2014,Kayleigh,51
F,2014,Kyla,51
F,2014,Kylee,51
F,2014,Mikaela,51
F,2014,Nova,51
F,2014,Sarai,51
F,2014,Scarlet,51
F,2014,Siena,51
F,2014,Zuri,51
F,2014,Angie,50
F,2014,Annalise,50
F,2014,Heidi,50
F,2014,Marley,50
F,2014,Alayna,49
F,2014,Alexia,49
F,2014,Camilla,49
F,2014,Giovanna,49
F,2014,Imani,49
F,2014,Karen,49
F,2014,Sloane,49
F,2014,Amiyah,48
F,2014,Angel,48
F,2014,Antonia,48
F,2014,Fatoumata,48
F,2014,Parker,48
F,2014,Rosalie,48
F,2014,Elaina,47
F,2014,Kenzie,47
F,2014,Leanna,47
F,2014,Mariana,47
F,2014,Shirley,47
F,2014,Adalyn,46
F,2014,Blake,46
F,2014,Brooklynn,46
F,2014,Celine,46
F,2014,Chava,46
F,2014,Daphne,46
F,2014,Haley,46
F,2014,Hanna,46
F,2014,Madisyn,46
F,2014,Myla,46
F,2014,Samara,46
F,2014,Sasha,46
F,2014,Savanna,46
F,2014,Catalina,45
F,2014,Hindy,45
F,2014,Jaylah,45
F,2014,June,45
F,2014,Karina,45
F,2014,Kaylin,45
F,2014,Simone,45
F,2014,Willa,45
F,2014,Aliza,44
F,2014,Cadence,44
F,2014,Livia,44
F,2014,Makenna,44
F,2014,Sylvia,44
F,2014,Adelina,43
F,2014,Anabelle,43
F,2014,Anne,43
F,2014,Cecelia,43
F,2014,Cindy,43
F,2014,Danna,43
F,2014,Elisa,43
F,2014,Libby,43
F,2014,Ryan,43
F,2014,Alessia,42
F,2014,Alisha,42
F,2014,Bridget,42
F,2014,Carina,42
F,2014,Colette,42
F,2014,Crystal,42
F,2014,Giana,42
F,2014,Hayley,42
F,2014,Lexi,42
F,2014,Maliyah,42
F,2014,Marissa,42
F,2014,Sage,42
F,2014,Sierra,42
F,2014,Sury,42
F,2014,Winter,42
F,2014,Chany,41
F,2014,Jessie,41
F,2014,Kali,41
F,2014,Logan,41
F,2014,Noor,41
F,2014,Rochel,41
F,2014,Tatiana,41
F,2014,Alanna,40
F,2014,Annabel,40
F,2014,April,40
F,2014,Batsheva,40
F,2014,Elaine,40
F,2014,Finley,40
F,2014,Janelle,40
F,2014,Jayleen,40
F,2014,Joy,40
F,2014,Joyce,40
F,2014,Kamila,40
F,2014,Maia,40
F,2014,Pessy,40
F,2014,Raegan,40
F,2014,Zainab,40
F,2014,Bethany,39
F,2014,Caitlyn,39
F,2014,Erika,39
F,2014,Guadalupe,39
F,2014,Helena,39
F,2014,Jamie,39
F,2014,Karla,39
F,2014,Nathalie,39
F,2014,Nechama,39
F,2014,Skylah,39
F,2014,Tiana,39
F,2014,Amirah,38
F,2014,Anabella,38
F,2014,Angelique,38
F,2014,Ciara,38
F,2014,Jillian,38
F,2014,Lilian,38
F,2014,Lina,38
F,2014,Marilyn,38
F,2014,Milana,38
F,2014,Mindy,38
F,2014,Viviana,38
F,2014,Yides,38
F,2014,Allyson,37
F,2014,Aubrie,37
F,2014,Bria,37
F,2014,Irene,37
F,2014,Jazlyn,37
F,2014,Kara,37
F,2014,Rowan,37
F,2014,Ximena,37
F,2014,Aleah,36
F,2014,Alma,36
F,2014,Camryn,36
F,2014,Carolina,36
F,2014,Deborah,36
F,2014,Erica,36
F,2014,Jayda,36
F,2014,Kailey,36
F,2014,Kathleen,36
F,2014,Kiera,36
F,2014,Kristen,36
F,2014,Lindsay,36
F,2014,Madilyn,36
F,2014,Mira,36
F,2014,Phoenix,36
F,2014,Priscilla,36
F,2014,Rosa,36
F,2014,Alanis,35
F,2014,Blima,35
F,2014,Blimy,35
F,2014,Cassandra,35
F,2014,Emery,35
F,2014,Esty,35
F,2014,Holly,35
F,2014,Johanna,35
F,2014,Kailyn,35
F,2014,Kinley,35
F,2014,Kyra,35
F,2014,Lara,35
F,2014,Lilyana,35
F,2014,Lyric,35
F,2014,Monica,35
F,2014,Natasha,35
F,2014,Tenzin,35
F,2014,Carmen,34
F,2014,Dayana,34
F,2014,Esmeralda,34
F,2014,Frances,34
F,2014,Gwendolyn,34
F,2014,Hadassah,34
F,2014,Jazmine,34
F,2014,Jenny,34
F,2014,Journey,34
F,2014,Juniper,34
F,2014,Kinsley,34
F,2014,Maisie,34
F,2014,Marjorie,34
F,2014,Meghan,34
F,2014,Milena,34
F,2014,Nayeli,34
F,2014,Raquel,34
F,2014,Samira,34
F,2014,Sharon,34
F,2014,Yocheved,34
F,2014,Zahra,34
F,2014,Zissy,34
F,2014,Adina,33
F,2014,Alejandra,33
F,2014,Amalia,33
F,2014,Amara,33
F,2014,Averie,33
F,2014,Celeste,33
F,2014,Esme,33
F,2014,Faiga,33
F,2014,Fraidy,33
F,2014,Harley,33
F,2014,Julissa,33
F,2014,Kamryn,33
F,2014,Lacey,33
F,2014,Linda,33
F,2014,Madelynn,33
F,2014,Milani,33
F,2014,Mina,33
F,2014,Salma,33
F,2014,Shoshana,33
F,2014,Thalia,33
F,2014,Ahuva,32
F,2014,Aryanna,32
F,2014,Ayesha,32
F,2014,Bracha,32
F,2014,Casey,32
F,2014,Charley,32
F,2014,Hana,32
F,2014,Jasmin,32
F,2014,Jolie,32
F,2014,Josie,32
F,2014,Kaylie,32
F,2014,Kyleigh,32
F,2014,Lilianna,32
F,2014,Malaysia,32
F,2014,Matilda,32
F,2014,Shea,32
F,2014,Yehudis,32
F,2014,Aileen,31
F,2014,Ainsley,31
F,2014,Alia,31
F,2014,Amelie,31
F,2014,Ashlyn,31
F,2014,Aya,31
F,2014,Christine,31
F,2014,Leia,31
F,2014,Lylah,31
F,2014,Miracle,31
F,2014,Presley,31
F,2014,Selina,31
F,2014,Tori,31
F,2014,Alani,30
F,2014,Alena,30
F,2014,Aliana,30
F,2014,Aminata,30
F,2014,Aniya,30
F,2014,Cataleya,30
F,2014,Elina,30
F,2014,Giada,30
F,2014,Isis,30
F,2014,Itzel,30
F,2014,Nancy,30
F,2014,Raizel,30
F,2014,Shira,30
F,2014,Virginia,30
F,2014,Adelynn,29
F,2014,Bryanna,29
F,2014,Dana,29
F,2014,Devora,29
F,2014,Dorothy,29
F,2014,Elianna,29
F,2014,Hunter,29
F,2014,Jaelyn,29
F,2014,Jaelynn,29
F,2014,Kassidy,29
F,2014,Kaydence,29
F,2014,Lailah,29
F,2014,Lizbeth,29
F,2014,Lorelei,29
F,2014,Lucille,29
F,2014,Maddison,29
F,2014,Mae,29
F,2014,Miah,29
F,2014,Nathaly,29
F,2014,Naya,29
F,2014,Raelynn,29
F,2014,Shayla,29
F,2014,Sonia,29
F,2014,Tara,29
F,2014,Vienna,29
F,2014,Yael,29
F,2014,Alisa,28
F,2014,Aviana,28
F,2014,Aviva,28
F,2014,Brenda,28
F,2014,Charlee,28
F,2014,Ellen,28
F,2014,Emilie,28
F,2014,Felicity,28
F,2014,Harlow,28
F,2014,Haven,28
F,2014,Kaia,28
F,2014,Liba,28
F,2014,Raina,28
F,2014,Rylie,28
F,2014,Sawyer,28
F,2014,Suri,28
F,2014,Amiya,27
F,2014,Anayah,27
F,2014,Ayana,27
F,2014,Danica,27
F,2014,Elisabeth,27
F,2014,Lisa,27
F,2014,Maci,27
F,2014,Shaindel,27
F,2014,Shannon,27
F,2014,Shayna,27
F,2014,Sherlyn,27
F,2014,Sima,27
F,2014,Whitney,27
F,2014,Yasmin,27
F,2014,Zariah,27
F,2014,Zendaya,27
F,2014,Allie,26
F,2014,Alyson,26
F,2014,Amia,26
F,2014,Anisa,26
F,2014,Braelyn,26
F,2014,Celia,26
F,2014,Deanna,26
F,2014,Edith,26
F,2014,Freya,26
F,2014,Gloria,26
F,2014,Gracelyn,26
F,2014,Hailie,26
F,2014,Janiyah,26
F,2014,Katerina,26
F,2014,Keyla,26
F,2014,Leona,26
F,2014,Lianna,26
F,2014,Margot,26
F,2014,Mckayla,26
F,2014,Patricia,26
F,2014,Saige,26
F,2014,Shifra,26
F,2014,Thea,26
F,2014,Wynter,26
F,2014,Amani,25
F,2014,Anabel,25
F,2014,Bruchy,25
F,2014,Chanel,25
F,2014,Courtney,25
F,2014,Elyse,25
F,2014,Emelia,25
F,2014,Flora,25
F,2014,Henny,25
F,2014,Isabela,25
F,2014,Jannat,25
F,2014,Jaylynn,25
F,2014,Joselyn,25
F,2014,Kadence,25
F,2014,Krystal,25
F,2014,Leyla,25
F,2014,Lilyanna,25
F,2014,Mallory,25
F,2014,Marie,25
F,2014,Sally,25
F,2014,Sanaa,25
F,2014,Sandra,25
F,2014,Selah,25
F,2014,Tess,25
F,2014,Yaretzi,25
F,2014,Aicha,24
F,2014,Anais,24
F,2014,Anika,24
F,2014,Cameron,24
F,2014,Claudia,24
F,2014,Denise,24
F,2014,Elsie,24
F,2014,Greta,24
F,2014,Kaelyn,24
F,2014,Khadijah,24
F,2014,Kristina,24
F,2014,Liv,24
F,2014,Louisa,24
F,2014,Macie,24
F,2014,Marianna,24
F,2014,Saniyah,24
F,2014,Sarina,24
F,2014,Tianna,24
F,2014,Alannah,23
F,2014,Alissa,23
F,2014,Avianna,23
F,2014,Britney,23
F,2014,Carmella,23
F,2014,Demi,23
F,2014,Elisheva,23
F,2014,Emmy,23
F,2014,Gina,23
F,2014,Golda,23
F,2014,Jemma,23
F,2014,Kaliyah,23
F,2014,Katalina,23
F,2014,Kayleen,23
F,2014,Kimora,23
F,2014,Lindsey,23
F,2014,Marina,23
F,2014,Myra,23
F,2014,Nicolette,23
F,2014,Raven,23
F,2014,Roselyn,23
F,2014,Rosemary,23
F,2014,Sky,23
F,2014,Yasmine,23
F,2014,Zoya,23
F,2014,Aimee,22
F,2014,Aiza,22
F,2014,Alondra,22
F,2014,Annika,22
F,2014,Arden,22
F,2014,Aryana,22
F,2014,Coraline,22
F,2014,Danika,22
F,2014,Emmeline,22
F,2014,Etty,22
F,2014,Evie,22
F,2014,Goldy,22
F,2014,Heather,22
F,2014,Jaliyah,22
F,2014,Janice,22
F,2014,Kailee,22
F,2014,Kaitlin,22
F,2014,Khadija,22
F,2014,Khaleesi,22
F,2014,Nahla,22
F,2014,Perl,22
F,2014,Rebekah,22
F,2014,Renee,22
F,2014,Rina,22
F,2014,Samiya,22
F,2014,Sanai,22
F,2014,Tamar,22
F,2014,Abrielle,21
F,2014,Angeline,21
F,2014,Azalea,21
F,2014,Blair,21
F,2014,Cara,21
F,2014,Carolyn,21
F,2014,Caylee,21
F,2014,Egypt,21
F,2014,Faye,21
F,2014,Henchy,21
F,2014,Jaida,21
F,2014,Journee,21
F,2014,Katelynn,21
F,2014,Kaya,21
F,2014,Liberty,21
F,2014,Malak,21
F,2014,Mika,21
F,2014,Queenie,21
F,2014,Roizy,21
F,2014,Ruchy,21
F,2014,Sariah,21
F,2014,Sariyah,21
F,2014,Sheila,21
F,2014,Shiloh,21
F,2014,Zahara,21
F,2014,Zelda,21
F,2014,Aarya,20
F,2014,Aliya,20
F,2014,Aminah,20
F,2014,Antonella,20
F,2014,Astrid,20
F,2014,Aubriella,20
F,2014,Avigail,20
F,2014,Barbara,20
F,2014,Carla,20
F,2014,Charlize,20
F,2014,Clare,20
F,2014,Daleyza,20
F,2014,Dalia,20
F,2014,Emmalyn,20
F,2014,Farrah,20
F,2014,Iliana,20
F,2014,Jana,20
F,2014,Jaylene,20
F,2014,Joelle,20
F,2014,Kacey,20
F,2014,Leora,20
F,2014,Lexie,20
F,2014,Lilia,20
F,2014,Madalyn,20
F,2014,Maliah,20
F,2014,Mirel,20
F,2014,Myah,20
F,2014,Nola,20
F,2014,Pamela,20
F,2014,Perel,20
F,2014,Perla,20
F,2014,Rory,20
F,2014,Syeda,20
F,2014,Tamia,20
F,2014,Wendy,20
F,2014,Addisyn,19
F,2014,Amayah,19
F,2014,Ariah,19
F,2014,Ariela,19
F,2014,Audrina,19
F,2014,Cayla,19
F,2014,Charleigh,19
F,2014,Chavy,19
F,2014,Clarissa,19
F,2014,Clementine,19
F,2014,Desiree,19
F,2014,Donna,19
F,2014,Frady,19
F,2014,Hawa,19
F,2014,Ivanna,19
F,2014,Jaslyn,19
F,2014,Jaylin,19
F,2014,Judy,19
F,2014,Julianne,19
F,2014,Laurel,19
F,2014,Lesly,19
F,2014,Litzy,19
F,2014,Liya,19
F,2014,Mariella,19
F,2014,Marlee,19
F,2014,Mckinley,19
F,2014,Meadow,19
F,2014,Miya,19
F,2014,Montserrat,19
F,2014,Nashla,19
F,2014,Pia,19
F,2014,Rayna,19
F,2014,Reina,19
F,2014,Stacey,19
F,2014,Valery,19
F,2014,Viola,19
F,2014,Alianna,18
F,2014,Amya,18
F,2014,Anjali,18
F,2014,Ashly,18
F,2014,Audriana,18
F,2014,Baylee,18
F,2014,Carter,18
F,2014,Cordelia,18
F,2014,Estella,18
F,2014,Evelynn,18
F,2014,Giulia,18
F,2014,Hinda,18
F,2014,Janae,18
F,2014,Jimena,18
F,2014,Judith,18
F,2014,Kaylynn,18
F,2014,Leena,18
F,2014,Lilith,18
F,2014,Madalynn,18
F,2014,Mara,18
F,2014,Marielle,18
F,2014,Marisol,18
F,2014,Paloma,18
F,2014,Raelyn,18
F,2014,Riya,18
F,2014,Rosie,18
F,2014,Safa,18
F,2014,Shelby,18
F,2014,Stacy,18
F,2014,Sunny,18
F,2014,Susan,18
F,2014,Tabitha,18
F,2014,Taryn,18
F,2014,Zaniyah,18
F,2014,Addyson,17
F,2014,Alayah,17
F,2014,Ally,17
F,2014,Ameera,17
F,2014,Ani,17
F,2014,Asha,17
F,2014,Atara,17
F,2014,Ayala,17
F,2014,Aziza,17
F,2014,Brigitte,17
F,2014,Cheyenne,17
F,2014,Devyn,17
F,2014,Farah,17
F,2014,Frimet,17
F,2014,Goldie,17
F,2014,Gracelynn,17
F,2014,Hafsa,17
F,2014,Isha,17
F,2014,Jianna,17
F,2014,Kelsie,17
F,2014,Layan,17
F,2014,Laylah,17
F,2014,Mariama,17
F,2014,Maxine,17
F,2014,Meredith,17
F,2014,Noemi,17
F,2014,Paulina,17
F,2014,Priya,17
F,2014,Reyna,17
F,2014,Royal,17
F,2014,Shaina,17
F,2014,Sheyla,17
F,2014,Teresa,17
F,2014,Theodora,17
F,2014,Winnie,17
F,2014,Zaria,17
F,2014,Zaynab,17
F,2014,Alisson,16
F,2014,Amari,16
F,2014,August,16
F,2014,Ayanna,16
F,2014,Blessing,16
F,2014,Brinley,16
F,2014,Brucha,16
F,2014,Elana,16
F,2014,Eleni,16
F,2014,Ema,16
F,2014,Emani,16
F,2014,Eshaal,16
F,2014,Fradel,16
F,2014,Gittel,16
F,2014,Hailee,16
F,2014,Hillary,16
F,2014,Joanne,16
F,2014,Kassandra,16
F,2014,Keily,16
F,2014,Kourtney,16
F,2014,Kylah,16
F,2014,Lillianna,16
F,2014,Luisa,16
F,2014,Malani,16
F,2014,Menucha,16
F,2014,Millie,16
F,2014,Miyah,16
F,2014,Mona,16
F,2014,Nala,16
F,2014,Nathalia,16
F,2014,Paislee,16
F,2014,Poppy,16
F,2014,Ramona,16
F,2014,Rihanna,16
F,2014,Rita,16
F,2014,River,16
F,2014,Ryann,16
F,2014,Sana,16
F,2014,Sofie,16
F,2014,Soraya,16
F,2014,Tamara,16
F,2014,Theresa,16
F,2014,Tziporah,16
F,2014,Violeta,16
F,2014,Amaris,15
F,2014,Ameena,15
F,2014,Analia,15
F,2014,Angely,15
F,2014,Arely,15
F,2014,Azaria,15
F,2014,Beatrix,15
F,2014,Brenna,15
F,2014,Bristol,15
F,2014,Brynlee,15
F,2014,Cassie,15
F,2014,Charlene,15
F,2014,Cristina,15
F,2014,Dani,15
F,2014,Delia,15
F,2014,Dora,15
F,2014,Fallon,15
F,2014,Florence,15
F,2014,Janessa,15
F,2014,Kai,15
F,2014,Kaila,15
F,2014,Karlee,15
F,2014,Lauryn,15
F,2014,Leela,15
F,2014,Lillie,15
F,2014,Lillyana,15
F,2014,Lillyanna,15
F,2014,Macy,15
F,2014,Madyson,15
F,2014,Maleah,15
F,2014,Malika,15
F,2014,Miley,15
F,2014,Nelly,15
F,2014,Nya,15
F,2014,Paityn,15
F,2014,Paola,15
F,2014,Paula,15
F,2014,Perry,15
F,2014,Reilly,15
F,2014,Rena,15
F,2014,Ruchel,15
F,2014,Safiya,15
F,2014,Seraphina,15
F,2014,Shreya,15
F,2014,Sylvie,15
F,2014,Symphony,15
F,2014,Taliyah,15
F,2014,Talya,15
F,2014,Tina,15
F,2014,Tzipora,15
F,2014,Vicky,15
F,2014,Aida,14
F,2014,Aiyana,14
F,2014,Amal,14
F,2014,Ariane,14
F,2014,Ariya,14
F,2014,Armani,14
F,2014,Ashlynn,14
F,2014,Aurelia,14
F,2014,Ayleen,14
F,2014,Belle,14
F,2014,Betty,14
F,2014,Cecily,14
F,2014,Corinne,14
F,2014,Dafne,14
F,2014,Ellianna,14
F,2014,Elodie,14
F,2014,Ember,14
F,2014,Emerald,14
F,2014,Estelle,14
F,2014,Fernanda,14
F,2014,Hallie,14
F,2014,Inaaya,14
F,2014,Inaya,14
F,2014,Ingrid,14
F,2014,Janiah,14
F,2014,Jaylee,14
F,2014,Kaelynn,14
F,2014,Kallie,14
F,2014,Kathy,14
F,2014,Keila,14
F,2014,Kennedi,14
F,2014,Kiley,14
F,2014,Leandra,14
F,2014,Leilah,14
F,2014,Liyana,14
F,2014,Lorena,14
F,2014,Love,14
F,2014,Lyra,14
F,2014,Madilynn,14
F,2014,Madina,14
F,2014,Magdalena,14
F,2014,Marlene,14
F,2014,Marlowe,14
F,2014,Melania,14
F,2014,Miabella,14
F,2014,Micaela,14
F,2014,Michal,14
F,2014,Miri,14
F,2014,Mollie,14
F,2014,Moriah,14
F,2014,Nailah,14
F,2014,Neriah,14
F,2014,Neveah,14
F,2014,Oumou,14
F,2014,Rebeca,14
F,2014,Regan,14
F,2014,Regina,14
F,2014,Remi,14
F,2014,Rifky,14
F,2014,Robin,14
F,2014,Salome,14
F,2014,Sanaya,14
F,2014,Silvia,14
F,2014,Sloan,14
F,2014,Temperance,14
F,2014,Valencia,14
F,2014,Vida,14
F,2014,Yasmeen,14
F,2014,Zenobia,14
F,2014,Agnes,13
F,2014,Aissatou,13
F,2014,Akira,13
F,2014,Aleeza,13
F,2014,Aleksandra,13
F,2014,Amora,13
F,2014,Ananya,13
F,2014,Arisha,13
F,2014,Avah,13
F,2014,Avalynn,13
F,2014,Avital,13
F,2014,Belinda,13
F,2014,Braelynn,13
F,2014,Caydence,13
F,2014,Celina,13
F,2014,Chelsey,13
F,2014,Dallas,13
F,2014,Dulce,13
F,2014,Elly,13
F,2014,Ester,13
F,2014,Fanta,13
F,2014,Frida,13
F,2014,Georgina,13
F,2014,Gisele,13
F,2014,Hadassa,13
F,2014,Hiba,13
F,2014,Honesty,13
F,2014,Idy,13
F,2014,Irina,13
F,2014,Isadora,13
F,2014,Jaclyn,13
F,2014,Janiya,13
F,2014,Jaslene,13
F,2014,Jayden,13
F,2014,Jenesis,13
F,2014,Jessa,13
F,2014,Kaleigh,13
F,2014,Katrina,13
F,2014,Kayden,13
F,2014,Kenna,13
F,2014,Kenya,13
F,2014,Keziah,13
F,2014,Kori,13
F,2014,Leanne,13
F,2014,Liora,13
F,2014,Maliha,13
F,2014,Mandy,13
F,2014,Marcella,13
F,2014,Margarita,13
F,2014,Mariela,13
F,2014,Mariyah,13
F,2014,Marwa,13
F,2014,May,13
F,2014,Milagros,13
F,2014,Naila,13
F,2014,Nataly,13
F,2014,Oona,13
F,2014,Ophelia,13
F,2014,Rayne,13
F,2014,Reem,13
F,2014,Remy,13
F,2014,Sabine,13
F,2014,Samaya,13
F,2014,Saniya,13
F,2014,Selene,13
F,2014,Sidney,13
F,2014,Sonya,13
F,2014,Tiara,13
F,2014,Tzirel,13
F,2014,Yasmina,13
F,2014,Zariyah,13
F,2014,Aanya,12
F,2014,Aila,12
F,2014,Allegra,12
F,2014,Ameerah,12
F,2014,Arabelle,12
F,2014,Aspen,12
F,2014,Ayat,12
F,2014,Basya,12
F,2014,Bryana,12
F,2014,Bryn,12
F,2014,Cailyn,12
F,2014,Carrie,12
F,2014,Charli,12
F,2014,Dalilah,12
F,2014,Damaris,12
F,2014,Darcy,12
F,2014,Davina,12
F,2014,Denisse,12
F,2014,Diamond,12
F,2014,Doris,12
F,2014,Elin,12
F,2014,Emme,12
F,2014,Eunice,12
F,2014,Giulianna,12
F,2014,Halima,12
F,2014,Honor,12
F,2014,Ilana,12
F,2014,Ines,12
F,2014,Jackeline,12
F,2014,Jaqueline,12
F,2014,Jessenia,12
F,2014,Jewel,12
F,2014,Joey,12
F,2014,Jolene,12
F,2014,Jordana,12
F,2014,Jordynn,12
F,2014,Joselin,12
F,2014,Joslyn,12
F,2014,Justine,12
F,2014,Kairi,12
F,2014,Kaley,12
F,2014,Kasey,12
F,2014,Kenzi,12
F,2014,Keren,12
F,2014,Lainey,12
F,2014,Louise,12
F,2014,Luz,12
F,2014,Magaly,12
F,2014,Manha,12
F,2014,Martha,12
F,2014,Mattie,12
F,2014,Mavis,12
F,2014,Meira,12
F,2014,Milly,12
F,2014,Monserrat,12
F,2014,Mushka,12
F,2014,Nadine,12
F,2014,Natalee,12
F,2014,Nava,12
F,2014,Orly,12
F,2014,Penny,12
F,2014,Princess,12
F,2014,Raya,12
F,2014,Sabina,12
F,2014,Sapphire,12
F,2014,Serafina,12
F,2014,Shania,12
F,2014,Sherry,12
F,2014,Tova,12
F,2014,Trany,12
F,2014,Uma,12
F,2014,Yara,12
F,2014,Yareli,12
F,2014,Yazmin,12
F,2014,Yuliana,12
F,2014,Yvonne,12
F,2014,Zissel,12
F,2014,Abbie,11
F,2014,Abbigail,11
F,2014,Abril,11
F,2014,Adrienne,11
F,2014,Alaysia,11
F,2014,Alex,11
F,2014,Aliyana,11
F,2014,Alora,11
F,2014,America,11
F,2014,Angelia,11
F,2014,Aniylah,11
F,2014,Annamarie,11
F,2014,Annette,11
F,2014,Ariadne,11
F,2014,Bailee,11
F,2014,Belen,11
F,2014,Bernadette,11
F,2014,Bonnie,11
F,2014,Brianny,11
F,2014,Carissa,11
F,2014,Carol,11
F,2014,Cherish,11
F,2014,Chiara,11
F,2014,Chole,11
F,2014,Darla,11
F,2014,Darlene,11
F,2014,Dua,11
F,2014,Elayna,11
F,2014,Elia,11
F,2014,Elif,11
F,2014,Elisha,11
F,2014,Emaan,11
F,2014,Emilee,11
F,2014,Emmalynn,11
F,2014,Essence,11
F,2014,Evalyn,11
F,2014,Evelina,11
F,2014,Fatimah,11
F,2014,Galilea,11
F,2014,Gisselle,11
F,2014,Gwyneth,11
F,2014,Haleigh,11
F,2014,Haylie,11
F,2014,Heidy,11
F,2014,Ida,11
F,2014,Iman,11
F,2014,India,11
F,2014,Ivana,11
F,2014,Jamila,11
F,2014,Jasmina,11
F,2014,Jaylyn,11
F,2014,Jazlynn,11
F,2014,Johana,11
F,2014,Josephina,11
F,2014,Justice,11
F,2014,Kadiatou,11
F,2014,Kaidence,11
F,2014,Karter,11
F,2014,Kaylani,11
F,2014,Keiry,11
F,2014,Leighton,11
F,2014,Lesley,11
F,2014,Londynn,11
F,2014,Lorelai,11
F,2014,Lucinda,11
F,2014,Mabel,11
F,2014,Magnolia,11
F,2014,Malaya,11
F,2014,Margo,11
F,2014,Marisa,11
F,2014,Meagan,11
F,2014,Melinda,11
F,2014,Mercedes,11
F,2014,Micah,11
F,2014,Mylah,11
F,2014,Petra,11
F,2014,Queen,11
F,2014,Queena,11
F,2014,Rochelle,11
F,2014,Rosalia,11
F,2014,Rosalyn,11
F,2014,Roxana,11
F,2014,Sade,11
F,2014,Samia,11
F,2014,Samiyah,11
F,2014,Sandy,11
F,2014,Sania,11
F,2014,Savanah,11
F,2014,Sumaiya,11
F,2014,Sumaya,11
F,2014,Tanya,11
F,2014,Tasneem,11
F,2014,Tehila,11
F,2014,Tenley,11
F,2014,Tia,11
F,2014,Toba,11
F,2014,Vada,11
F,2014,Vivien,11
F,2014,Xiomara,11
F,2014,Yaritza,11
F,2014,Yesenia,11
F,2014,Zola,11
F,2014,Adalia,10
F,2014,Alaya,10
F,2014,Alyvia,10
F,2014,Amaia,10
F,2014,Anabia,10
F,2014,Annalisa,10
F,2014,Anneliese,10
F,2014,Annelise,10
F,2014,Arianny,10
F,2014,Arlene,10
F,2014,Asia,10
F,2014,Asma,10
F,2014,Aubriana,10
F,2014,Ayva,10
F,2014,Azra,10
F,2014,Betsy,10
F,2014,Brea,10
F,2014,Brocha,10
F,2014,Carleigh,10
F,2014,Cielo,10
F,2014,Dania,10
F,2014,Dior,10
F,2014,Elora,10
F,2014,Emi,10
F,2014,Emiliana,10
F,2014,Emmanuella,10
F,2014,Etta,10
F,2014,Hareem,10
F,2014,Harlee,10
F,2014,Harleen,10
F,2014,Heavenly,10
F,2014,Henna,10
F,2014,Isabell,10
F,2014,Iyana,10
F,2014,Iyanna,10
F,2014,Izabelle,10
F,2014,Jaleah,10
F,2014,Jazelle,10
F,2014,Jiselle,10
F,2014,Josselyn,10
F,2014,Kailani,10
F,2014,Kailynn,10
F,2014,Kaiya,10
F,2014,Kamilah,10
F,2014,Kamiyah,10
F,2014,Karissa,10
F,2014,Karma,10
F,2014,Kelis,10
F,2014,Kendyl,10
F,2014,Kiana,10
F,2014,Krista,10
F,2014,Kya,10
F,2014,Lennon,10
F,2014,Lilyann,10
F,2014,Luella,10
F,2014,Mackenna,10
F,2014,Maiya,10
F,2014,Malina,10
F,2014,Margaux,10
F,2014,Marin,10
F,2014,Meera,10
F,2014,Nayla,10
F,2014,Nyomi,10
F,2014,Olga,10
F,2014,Peri,10
F,2014,Rachael,10
F,2014,Rachelle,10
F,2014,Rahaf,10
F,2014,Rania,10
F,2014,Reizy,10
F,2014,Rhea,10
F,2014,Roiza,10
F,2014,Romy,10
F,2014,Rosalee,10
F,2014,Sadia,10
F,2014,Sahara,10
F,2014,Samirah,10
F,2014,Saoirse,10
F,2014,Sariya,10
F,2014,Sephora,10
F,2014,Shanaya,10
F,2014,Susana,10
F,2014,Tallulah,10
F,2014,Trisha,10
F,2014,Tyler,10
F,2014,Tzivia,10
F,2014,Viktoria,10
F,2014,Vivianna,10
F,2014,Yachet,10
F,2014,Yamileth,10
F,2014,Zaara,10
F,2014,Zaina,10
F,2014,Zaniya,10
F,2014,Aaliya,9
F,2014,Abrianna,9
F,2014,Adyson,9
F,2014,Aidel,9
F,2014,Ailyn,9
F,2014,Aizah,9
F,2014,Alaysha,9
F,2014,Aleen,9
F,2014,Alyse,9
F,2014,Analise,9
F,2014,Annabell,9
F,2014,Annaleigh,9
F,2014,Annaliese,9
F,2014,Annmarie,9
F,2014,Arantza,9
F,2014,Ariyah,9
F,2014,Ariyanna,9
F,2014,Artemis,9
F,2014,Ashanti,9
F,2014,Ashlee,9
F,2014,Aubrianna,9
F,2014,Aubrielle,9
F,2014,Avani,9
F,2014,Avril,9
F,2014,Bayleigh,9
F,2014,Beverly,9
F,2014,Bina,9
F,2014,Blimi,9
F,2014,Braylee,9
F,2014,Calliope,9
F,2014,Carmela,9
F,2014,Caterina,9
F,2014,Cattleya,9
F,2014,Daniel,9
F,2014,Dariana,9
F,2014,Dasha,9
F,2014,Dayanna,9
F,2014,Destinee,9
F,2014,Devory,9
F,2014,Divya,9
F,2014,Dream,9
F,2014,Drew,9
F,2014,Ela,9
F,2014,Ellis,9
F,2014,Emerie,9
F,2014,Estrella,9
F,2014,Evalina,9
F,2014,Evanna,9
F,2014,Fatou,9
F,2014,Gillian,9
F,2014,Hadiya,9
F,2014,Hayleigh,9
F,2014,Ireland,9
F,2014,Jadore,9
F,2014,Jael,9
F,2014,Jahzara,9
F,2014,Jasleen,9
F,2014,Jazmyn,9
F,2014,Jia,9
F,2014,Karly,9
F,2014,Kaycee,9
F,2014,Keisy,9
F,2014,Kimaya,9
F,2014,Kinleigh,9
F,2014,Kora,9
F,2014,Laney,9
F,2014,Lennox,9
F,2014,Liah,9
F,2014,Liyah,9
F,2014,Lucianna,9
F,2014,Lynn,9
F,2014,Mai,9
F,2014,Maira,9
F,2014,Maite,9
F,2014,Malena,9
F,2014,Marceline,9
F,2014,Monroe,9
F,2014,Naia,9
F,2014,Naima,9
F,2014,Nariah,9
F,2014,Natalya,9
F,2014,Neha,9
F,2014,Nichole,9
F,2014,Nikita,9
F,2014,Nikki,9
F,2014,Noel,9
F,2014,Nyah,9
F,2014,Oakley,9
F,2014,Penina,9
F,2014,Polina,9
F,2014,Rae,9
F,2014,Reema,9
F,2014,Rifka,9
F,2014,Rivkah,9
F,2014,Robyn,9
F,2014,Romina,9
F,2014,Rori,9
F,2014,Ryley,9
F,2014,Sayuri,9
F,2014,Scarlette,9
F,2014,Shevy,9
F,2014,Simi,9
F,2014,Simona,9
F,2014,Snow,9
F,2014,Sol,9
F,2014,Soleil,9
F,2014,Stephany,9
F,2014,Susanna,9
F,2014,Sybil,9
F,2014,Tatum,9
F,2014,Tayla,9
F,2014,Toni,9
F,2014,Treasure,9
F,2014,Udy,9
F,2014,Venus,9
F,2014,Wilhelmina,9
F,2014,Yuna,9
F,2014,Zeinab,9
F,2014,Ziva,9
F,2014,Zofia,9
F,2014,Zora,9
F,2014,Addalyn,8
F,2014,Adela,8
F,2014,Adilyn,8
F,2014,Adira,8
F,2014,Afsheen,8
F,2014,Alanah,8
F,2014,Althea,8
F,2014,Amarah,8
F,2014,Ambar,8
F,2014,Amberly,8
F,2014,Amena,8
F,2014,Andie,8
F,2014,Angelis,8
F,2014,Ann,8
F,2014,Annalee,8
F,2014,Anylah,8
F,2014,Ariadna,8
F,2014,Arie,8
F,2014,Aubri,8
F,2014,Aura,8
F,2014,Avalyn,8
F,2014,Awa,8
F,2014,Ayah,8
F,2014,Ayelen,8
F,2014,Bassy,8
F,2014,Blimie,8
F,2014,Bluma,8
F,2014,Breindel,8
F,2014,Breindy,8
F,2014,Caleigh,8
F,2014,Calla,8
F,2014,Candice,8
F,2014,Carley,8
F,2014,Cheryl,8
F,2014,Cianna,8
F,2014,Cleo,8
F,2014,Clover,8
F,2014,Collins,8
F,2014,Connie,8
F,2014,Cristal,8
F,2014,Desire,8
F,2014,Devin,8
F,2014,Diya,8
F,2014,Eleanora,8
F,2014,Elianny,8
F,2014,Elinor,8
F,2014,Emersyn,8
F,2014,Emmie,8
F,2014,Erina,8
F,2014,Eshal,8
F,2014,Eternity,8
F,2014,Fatiha,8
F,2014,Felicia,8
F,2014,Geraldine,8
F,2014,Guinevere,8
F,2014,Gwen,8
F,2014,Habiba,8
F,2014,Haniya,8
F,2014,Harmoni,8
F,2014,Harriet,8
F,2014,Hendel,8
F,2014,Hendy,8
F,2014,Hilary,8
F,2014,Huda,8
F,2014,Humaira,8
F,2014,Imaan,8
F,2014,Isra,8
F,2014,Ivelisse,8
F,2014,Izabel,8
F,2014,Jacquelyn,8
F,2014,Jailyn,8
F,2014,Jaime,8
F,2014,Jalissa,8
F,2014,Janet,8
F,2014,Jaya,8
F,2014,Jaycee,8
F,2014,Jean,8
F,2014,Jemima,8
F,2014,Jenessa,8
F,2014,Jennah,8
F,2014,Jerelyn,8
F,2014,Jessy,8
F,2014,Jocelynn,8
F,2014,Justina,8
F,2014,Kalina,8
F,2014,Karlie,8
F,2014,Kataleya,8
F,2014,Katia,8
F,2014,Kaylen,8
F,2014,Kaylyn,8
F,2014,Keilani,8
F,2014,Keisha,8
F,2014,Kenley,8
F,2014,Khloee,8
F,2014,Kianna,8
F,2014,Kiarah,8
F,2014,Kristy,8
F,2014,Lake,8
F,2014,Laniyah,8
F,2014,Leana,8
F,2014,Leigha,8
F,2014,Lillyann,8
F,2014,Lisbeth,8
F,2014,Lizeth,8
F,2014,Lorraine,8
F,2014,Lucie,8
F,2014,Maddalena,8
F,2014,Mahnoor,8
F,2014,Maimouna,8
F,2014,Manuela,8
F,2014,Marion,8
F,2014,Marlow,8
F,2014,Marta,8
F,2014,Martina,8
F,2014,Mazal,8
F,2014,Michela,8
F,2014,Niamh,8
F,2014,Nico,8
F,2014,Niyah,8
F,2014,Noelia,8
F,2014,Nori,8
F,2014,Ora,8
F,2014,Peighton,8
F,2014,Precious,8
F,2014,Promise,8
F,2014,Reizel,8
F,2014,Roslyn,8
F,2014,Ruthie,8
F,2014,Safia,8
F,2014,Sakura,8
F,2014,Sama,8
F,2014,Samaira,8
F,2014,Selma,8
F,2014,Shaya,8
F,2014,Shelly,8
F,2014,Shyla,8
F,2014,Sia,8
F,2014,Sinai,8
F,2014,Suhana,8
F,2014,Sutton,8
F,2014,Tala,8
F,2014,Tania,8
F,2014,Tehilla,8
F,2014,Unique,8
F,2014,Violette,8
F,2014,Winifred,8
F,2014,Wren,8
F,2014,Yita,8
F,2014,Yitta,8
F,2014,Yolanda,8
F,2014,Zadie,8
F,2014,Zia,8
F,2014,Adamaris,7
F,2014,Addilyn,7
F,2014,Addilynn,7
F,2014,Aditi,7
F,2014,Aiden,7
F,2014,Alaia,7
F,2014,Aleyna,7
F,2014,Aliah,7
F,2014,Alise,7
F,2014,Amiah,7
F,2014,Anissa,7
F,2014,Anita,7
F,2014,Anyla,7
F,2014,Aoife,7
F,2014,Aranza,7
F,2014,Arianne,7
F,2014,Aribella,7
F,2014,Asiya,7
F,2014,Averi,7
F,2014,Avigayil,7
F,2014,Avneet,7
F,2014,Aysha,7
F,2014,Azariah,7
F,2014,Beatriz,7
F,2014,Billie,7
F,2014,Blakely,7
F,2014,Blanca,7
F,2014,Breanne,7
F,2014,Bree,7
F,2014,Brisa,7
F,2014,Brittney,7
F,2014,Cailey,7
F,2014,Cailin,7
F,2014,Calista,7
F,2014,Carlee,7
F,2014,Carys,7
F,2014,Cathryn,7
F,2014,Cheyanne,7
F,2014,Cienna,7
F,2014,Clio,7
F,2014,Coco,7
F,2014,Coralie,7
F,2014,Debora,7
F,2014,Debra,7
F,2014,Deena,7
F,2014,Devoiry,7
F,2014,Devon,7
F,2014,Domenica,7
F,2014,Edie,7
F,2014,Elene,7
F,2014,Eman,7
F,2014,Emmalee,7
F,2014,Emmanuelle,7
F,2014,Emmarose,7
F,2014,Emmerson,7
F,2014,Emory,7
F,2014,Empress,7
F,2014,Evangelina,7
F,2014,Evolet,7
F,2014,Franchesca,7
F,2014,Frieda,7
F,2014,Gaia,7
F,2014,Geneva,7
F,2014,Gioia,7
F,2014,Grayson,7
F,2014,Greyson,7
F,2014,Gwenyth,7
F,2014,Halle,7
F,2014,Haydee,7
F,2014,Inara,7
F,2014,Isa,7
F,2014,Izabela,7
F,2014,Jaela,7
F,2014,Jalynn,7
F,2014,Jannatul,7
F,2014,Jeanette,7
F,2014,Jill,7
F,2014,Johannah,7
F,2014,Junia,7
F,2014,Juno,7
F,2014,Jurnee,7
F,2014,Kaitlynn,7
F,2014,Kalani,7
F,2014,Kamara,7
F,2014,Kamaya,7
F,2014,Karolina,7
F,2014,Katarina,7
F,2014,Katheryn,7
F,2014,Kenadee,7
F,2014,Kensington,7
F,2014,Kyrah,7
F,2014,Laiba,7
F,2014,Laina,7
F,2014,Lamar,7
F,2014,Larissa,7
F,2014,Layah,7
F,2014,Layal,7
F,2014,Leann,7
F,2014,Leeana,7
F,2014,Legacy,7
F,2014,Leyah,7
F,2014,Liza,7
F,2014,Loren,7
F,2014,Lyanna,7
F,2014,Madisen,7
F,2014,Malaika,7
F,2014,Mali,7
F,2014,Maram,7
F,2014,Marcela,7
F,2014,Mari,7
F,2014,Marianne,7
F,2014,Maris,7
F,2014,Mariya,7
F,2014,Marla,7
F,2014,Maryann,7
F,2014,Maura,7
F,2014,Mayah,7
F,2014,Mayla,7
F,2014,Maylee,7
F,2014,Medina,7
F,2014,Mei,7
F,2014,Melani,7
F,2014,Mercy,7
F,2014,Miki,7
F,2014,Milah,7
F,2014,Nalani,7
F,2014,Nana,7
F,2014,Navya,7
F,2014,Neve,7
F,2014,Nicolina,7
F,2014,Nila,7
F,2014,Noah,7
F,2014,Novalee,7
F,2014,Nusrat,7
F,2014,Oriana,7
F,2014,Patience,7
F,2014,Pauline,7
F,2014,Pepper,7
F,2014,Persephone,7
F,2014,Philippa,7
F,2014,Rain,7
F,2014,Reign,7
F,2014,Rio,7
F,2014,Roma,7
F,2014,Rosemarie,7
F,2014,Rylan,7
F,2014,Sabella,7
F,2014,Saira,7
F,2014,Sarahi,7
F,2014,Saray,7
F,2014,Sari,7
F,2014,Scout,7
F,2014,Shakira,7
F,2014,Sheindy,7
F,2014,Shyanne,7
F,2014,Simran,7
F,2014,Siobhan,7
F,2014,Skylee,7
F,2014,Somaya,7
F,2014,Spencer,7
F,2014,Stevie,7
F,2014,Sura,7
F,2014,Suzanne,7
F,2014,Tahani,7
F,2014,Taraji,7
F,2014,Tegan,7
F,2014,Umme,7
F,2014,Veronika,7
F,2014,Vita,7
F,2014,Waverly,7
F,2014,Yana,7
F,2014,Yenty,7
F,2014,Ysabella,7
F,2014,Zarah,7
F,2014,Zaylee,7
F,2014,Zunairah,7
F,2014,Zyana,7
F,2014,Aaleyah,6
F,2014,Aamira,6
F,2014,Aaralyn,6
F,2014,Abbey,6
F,2014,Addelyn,6
F,2014,Adelle,6
F,2014,Adison,6
F,2014,Agatha,6
F,2014,Aishah,6
F,2014,Aiyanna,6
F,2014,Akshara,6
F,2014,Alaa,6
F,2014,Alea,6
F,2014,Ali,6
F,2014,Amaiya,6
F,2014,Amariah,6
F,2014,Amethyst,6
F,2014,Amie,6
F,2014,Amilah,6
F,2014,Amyah,6
F,2014,Angelie,6
F,2014,Annalynn,6
F,2014,Areesha,6
F,2014,Areli,6
F,2014,Ari,6
F,2014,Ariyana,6
F,2014,Arlette,6
F,2014,Aseel,6
F,2014,Ashleigh,6
F,2014,Audra,6
F,2014,Audrianna,6
F,2014,Ayelet,6
F,2014,Ayvah,6
F,2014,Batya,6
F,2014,Becky,6
F,2014,Beily,6
F,2014,Bellarose,6
F,2014,Bertha,6
F,2014,Betsabe,6
F,2014,Bintou,6
F,2014,Braylin,6
F,2014,Breanna,6
F,2014,Brie,6
F,2014,Brigid,6
F,2014,Brookelynn,6
F,2014,Brylee,6
F,2014,Brynne,6
F,2014,Bushra,6
F,2014,Campbell,6
F,2014,Capri,6
F,2014,Carson,6
F,2014,Celena,6
F,2014,Chance,6
F,2014,Chanie,6
F,2014,Christiana,6
F,2014,Christy,6
F,2014,Colleen,6
F,2014,Constance,6
F,2014,Cosima,6
F,2014,Dalary,6
F,2014,Danae,6
F,2014,Daria,6
F,2014,Debbie,6
F,2014,Deja,6
F,2014,Dena,6
F,2014,Despina,6
F,2014,Diane,6
F,2014,Dixie,6
F,2014,Dominique,6
F,2014,Eliany,6
F,2014,Elissa,6
F,2014,Ellia,6
F,2014,Elliette,6
F,2014,Ellyanna,6
F,2014,Elyssa,6
F,2014,Emelie,6
F,2014,Emmaline,6
F,2014,Era,6
F,2014,Erianna,6
F,2014,Esha,6
F,2014,Estefania,6
F,2014,Estefany,6
F,2014,Evamarie,6
F,2014,Faiza,6
F,2014,Fiorella,6
F,2014,Flor,6
F,2014,Fraida,6
F,2014,Frankie,6
F,2014,Frimy,6
F,2014,Gabriel,6
F,2014,Gianni,6
F,2014,Gisel,6
F,2014,Gitel,6
F,2014,Gurnoor,6
F,2014,Hala,6
F,2014,Hanan,6
F,2014,Hartley,6
F,2014,Hebe,6
F,2014,Henley,6
F,2014,Henrietta,6
F,2014,Hermione,6
F,2014,Hira,6
F,2014,Hudson,6
F,2014,Ilaria,6
F,2014,Imogen,6
F,2014,Italy,6
F,2014,Ivory,6
F,2014,Iyla,6
F,2014,Izzabella,6
F,2014,Jacey,6
F,2014,Jaelah,6
F,2014,Jaeliana,6
F,2014,Jaina,6
F,2014,Jamilah,6
F,2014,Janai,6
F,2014,Janaya,6
F,2014,Janelly,6
F,2014,Janie,6
F,2014,Janna,6
F,2014,Jannah,6
F,2014,Jaslynn,6
F,2014,Jayana,6
F,2014,Jayce,6
F,2014,Jayde,6
F,2014,Jayonna,6
F,2014,Joana,6
F,2014,Joi,6
F,2014,Jolina,6
F,2014,Jubilee,6
F,2014,Kady,6
F,2014,Kailah,6
F,2014,Kaily,6
F,2014,Kaleah,6
F,2014,Kalista,6
F,2014,Kalli,6
F,2014,Kalyn,6
F,2014,Kamille,6
F,2014,Kamya,6
F,2014,Kareena,6
F,2014,Karleigh,6
F,2014,Kateri,6
F,2014,Katy,6
F,2014,Kaylah,6
F,2014,Kayley,6
F,2014,Kayli,6
F,2014,Kensley,6
F,2014,Keylin,6
F,2014,Kiersten,6
F,2014,Kimberlyn,6
F,2014,Kimi,6
F,2014,Kirsten,6
F,2014,Klara,6
F,2014,Korie,6
F,2014,Kristin,6
F,2014,Kristine,6
F,2014,Kyara,6
F,2014,Kyle,6
F,2014,Lamees,6
F,2014,Larkin,6
F,2014,Laylani,6
F,2014,Layna,6
F,2014,Leanny,6
F,2014,Leiah,6
F,2014,Leilany,6
F,2014,Lela,6
F,2014,Lenora,6
F,2014,Liara,6
F,2014,Lidia,6
F,2014,Liel,6
F,2014,Lielle,6
F,2014,Lili,6
F,2014,Lilyanne,6
F,2014,Lincoln,6
F,2014,Loretta,6
F,2014,Lori,6
F,2014,Lulu,6
F,2014,Maayan,6
F,2014,Madelaine,6
F,2014,Madelin,6
F,2014,Magdalene,6
F,2014,Mahdiya,6
F,2014,Mahi,6
F,2014,Mahira,6
F,2014,Mairead,6
F,2014,Makaylah,6
F,2014,Marelyn,6
F,2014,Marlena,6
F,2014,Marlo,6
F,2014,Maryjane,6
F,2014,Matty,6
F,2014,Maylin,6
F,2014,Meryem,6
F,2014,Mileena,6
F,2014,Millicent,6
F,2014,Mirabelle,6
F,2014,Misha,6
F,2014,Monika,6
F,2014,Montana,6
F,2014,Myriam,6
F,2014,Naava,6
F,2014,Nabila,6
F,2014,Nadiya,6
F,2014,Nadya,6
F,2014,Nashly,6
F,2014,Nechuma,6
F,2014,Nellie,6
F,2014,Nicoletta,6
F,2014,Nika,6
F,2014,Niya,6
F,2014,Noella,6
F,2014,Nyasia,6
F,2014,Opal,6
F,2014,Parizoda,6
F,2014,Rafaella,6
F,2014,Ramata,6
F,2014,Ranya,6
F,2014,Rechy,6
F,2014,Reham,6
F,2014,Renata,6
F,2014,Renesmee,6
F,2014,Ria,6
F,2014,Rida,6
F,2014,Risa,6
F,2014,Risha,6
F,2014,Rosalina,6
F,2014,Rosalind,6
F,2014,Rosanna,6
F,2014,Rosaura,6
F,2014,Rosmery,6
F,2014,Rubi,6
F,2014,Rumaisa,6
F,2014,Rumi,6
F,2014,Sabiha,6
F,2014,Sahar,6
F,2014,Samayah,6
F,2014,Sameeha,6
F,2014,Sanvi,6
F,2014,Scarleth,6
F,2014,Shanell,6
F,2014,Shaniyah,6
F,2014,Shay,6
F,2014,Sheina,6
F,2014,Sheryl,6
F,2014,Simrah,6
F,2014,Star,6
F,2014,Stefania,6
F,2014,Susannah,6
F,2014,Tahiry,6
F,2014,Taliah,6
F,2014,Taylin,6
F,2014,Tea,6
F,2014,Tracey,6
F,2014,Tracy,6
F,2014,Una,6
F,2014,Violetta,6
F,2014,Vittoria,6
F,2014,Vivianne,6
F,2014,Yarelis,6
F,2014,Yatzil,6
F,2014,Yulia,6
F,2014,Yumi,6
F,2014,Yusra,6
F,2014,Zahava,6
F,2014,Zaira,6
F,2014,Zarina,6
F,2014,Zaynah,6
F,2014,Ziara,6
F,2014,Zinnia,6
F,2014,Zlaty,6
F,2014,Zoha,6
F,2014,Zoie,6
F,2014,Zuleika,6
F,2014,Zuzanna,6
F,2014,Aalia,5
F,2014,Aarna,5
F,2014,Abagail,5
F,2014,Abbygail,5
F,2014,Abigale,5
F,2014,Abraham,5
F,2014,Abriella,5
F,2014,Acacia,5
F,2014,Adalee,5
F,2014,Adalina,5
F,2014,Adara,5
F,2014,Adi,5
F,2014,Adiba,5
F,2014,Aela,5
F,2014,Aeryn,5
F,2014,Afreen,5
F,2014,Ahna,5
F,2014,Ailin,5
F,2014,Aislyn,5
F,2014,Aja,5
F,2014,Ajooni,5
F,2014,Alaisha,5
F,2014,Alaiyah,5
F,2014,Alany,5
F,2014,Aleigha,5
F,2014,Alethea,5
F,2014,Alexsandra,5
F,2014,Aleyda,5
F,2014,Alianny,5
F,2014,Aline,5
F,2014,Allisson,5
F,2014,Alya,5
F,2014,Alyana,5
F,2014,Alysia,5
F,2014,Alysson,5
F,2014,Amaiah,5
F,2014,Amalie,5
F,2014,Amalya,5
F,2014,Amariana,5
F,2014,Amel,5
F,2014,Ameliah,5
F,2014,Amerie,5
F,2014,Amisha,5
F,2014,Amna,5
F,2014,Anaia,5
F,2014,Analeah,5
F,2014,Analis,5
F,2014,Anastacia,5
F,2014,Andi,5
F,2014,Anessa,5
F,2014,Angelika,5
F,2014,Aniah,5
F,2014,Anisha,5
F,2014,Annamaria,5
F,2014,Antoinette,5
F,2014,Antonina,5
F,2014,Anvi,5
F,2014,Araya,5
F,2014,Ariannah,5
F,2014,Arielis,5
F,2014,Arina,5
F,2014,Arionna,5
F,2014,Arleth,5
F,2014,Arshiya,5
F,2014,Arwa,5
F,2014,Asiyah,5
F,2014,Assata,5
F,2014,Austyn,5
F,2014,Avamarie,5
F,2014,Aveline,5
F,2014,Aven,5
F,2014,Avleen,5
F,2014,Avni,5
F,2014,Aylah,5
F,2014,Ayra,5
F,2014,Bay,5
F,2014,Bayan,5
F,2014,Bliss,5
F,2014,Bobbi,5
F,2014,Breina,5
F,2014,Brooklynne,5
F,2014,Bryleigh,5
F,2014,Catalaya,5
F,2014,Catarina,5
F,2014,Chanelle,5
F,2014,Chantel,5
F,2014,Charisma,5
F,2014,Charlette,5
F,2014,Chavi,5
F,2014,Chelsie,5
F,2014,Cherry,5
F,2014,Chizara,5
F,2014,Corinna,5
F,2014,Corrine,5
F,2014,Coumba,5
F,2014,Daenerys,5
F,2014,Dailyn,5
F,2014,Dalila,5
F,2014,Dasia,5
F,2014,Dawn,5
F,2014,Dayanara,5
F,2014,Deana,5
F,2014,Deasia,5
F,2014,Denver,5
F,2014,Dia,5
F,2014,Draya,5
F,2014,Edna,5
F,2014,Eliora,5
F,2014,Elizaveta,5
F,2014,Elka,5
F,2014,Elky,5
F,2014,Ellison,5
F,2014,Elvira,5
F,2014,Emeline,5
F,2014,Emelyn,5
F,2014,Emmi,5
F,2014,Enaya,5
F,2014,Eryn,5
F,2014,Esmee,5
F,2014,Esperanza,5
F,2014,Ettel,5
F,2014,Evangelia,5
F,2014,Eyleen,5
F,2014,Faige,5
F,2014,Farida,5
F,2014,Fariza,5
F,2014,Farzona,5
F,2014,Fatma,5
F,2014,Fatumata,5
F,2014,Fayth,5
F,2014,Feiga,5
F,2014,Fern,5
F,2014,Freida,5
F,2014,Freyja,5
F,2014,Genessis,5
F,2014,Gennesis,5
F,2014,Giavonna,5
F,2014,Ginger,5
F,2014,Gisela,5
F,2014,Gizelle,5
F,2014,Glory,5
F,2014,Graziella,5
F,2014,Gretchen,5
F,2014,Hadasa,5
F,2014,Hafsah,5
F,2014,Haleema,5
F,2014,Hania,5
F,2014,Harleigh,5
F,2014,Harmonie,5
F,2014,Harnoor,5
F,2014,Havyn,5
F,2014,Haya,5
F,2014,Inez,5
F,2014,Ira,5
F,2014,Irma,5
F,2014,Ishani,5
F,2014,Ita,5
F,2014,Italia,5
F,2014,Jadelyn,5
F,2014,Jadyn,5
F,2014,Jaila,5
F,2014,James,5
F,2014,Jamiah,5
F,2014,Jamiyah,5
F,2014,Janely,5
F,2014,Janeth,5
F,2014,Janine,5
F,2014,Jaylen,5
F,2014,Jayna,5
F,2014,Jazlene,5
F,2014,Jeilyn,5
F,2014,Jeylen,5
F,2014,Jiya,5
F,2014,Joann,5
F,2014,Jocelin,5
F,2014,Joella,5
F,2014,Johnna,5
F,2014,Joseline,5
F,2014,Josette,5
F,2014,Jovie,5
F,2014,Jude,5
F,2014,Julieta,5
F,2014,Julisa,5
F,2014,Kacie,5
F,2014,Kadija,5
F,2014,Kalia,5
F,2014,Kamani,5
F,2014,Kamiya,5
F,2014,Karishma,5
F,2014,Kendal,5
F,2014,Kenia,5
F,2014,Kensie,5
F,2014,Keyli,5
F,2014,Khushi,5
F,2014,Kiran,5
F,2014,Klea,5
F,2014,Kylei,5
F,2014,Kynlee,5
F,2014,Lael,5
F,2014,Lamiah,5
F,2014,Leba,5
F,2014,Leiana,5
F,2014,Leonela,5
F,2014,Lexington,5
F,2014,Leylani,5
F,2014,Liam,5
F,2014,Lillith,5
F,2014,Liz,5
F,2014,Lizmarie,5
F,2014,Lois,5
F,2014,Loralei,5
F,2014,Lotus,5
F,2014,Lovely,5
F,2014,Luana,5
F,2014,Macayla,5
F,2014,Macey,5
F,2014,Madelyne,5
F,2014,Maelyn,5
F,2014,Magali,5
F,2014,Mahjabeen,5
F,2014,Mailen,5
F,2014,Majesty,5
F,2014,Makenzi,5
F,2014,Malayah,5
F,2014,Manahil,5
F,2014,Marguerite,5
F,2014,Marian,5
F,2014,Marianny,5
F,2014,Marleny,5
F,2014,Marlie,5
F,2014,Marly,5
F,2014,Maryanne,5
F,2014,Mathilda,5
F,2014,Matilde,5
F,2014,Maureen,5
F,2014,Maysa,5
F,2014,Meerab,5
F,2014,Melia,5
F,2014,Melodie,5
F,2014,Mildred,5
F,2014,Milla,5
F,2014,Minahil,5
F,2014,Mindel,5
F,2014,Mireya,5
F,2014,Mischa,5
F,2014,Myracle,5
F,2014,Nada,5
F,2014,Naevia,5
F,2014,Naina,5
F,2014,Nairobi,5
F,2014,Naisha,5
F,2014,Namirah,5
F,2014,Nashley,5
F,2014,Natali,5
F,2014,Nayely,5
F,2014,Neela,5
F,2014,Nilah,5
F,2014,Niyla,5
F,2014,Niylah,5
F,2014,Noreen,5
F,2014,Nour,5
F,2014,Noura,5
F,2014,Nuala,5
F,2014,Ocean,5
F,2014,Octavia,5
F,2014,Pandora,5
F,2014,Paulette,5
F,2014,Perri,5
F,2014,Pippa,5
F,2014,Portia,5
F,2014,Prisha,5
F,2014,Quincy,5
F,2014,Rabia,5
F,2014,Rahma,5
F,2014,Ramatoulaye,5
F,2014,Rana,5
F,2014,Rashel,5
F,2014,Rayann,5
F,2014,Reece,5
F,2014,Remington,5
F,2014,Renad,5
F,2014,Reya,5
F,2014,Rielle,5
F,2014,Riki,5
F,2014,Romaisa,5
F,2014,Rosabella,5
F,2014,Rosaria,5
F,2014,Roya,5
F,2014,Roza,5
F,2014,Rubie,5
F,2014,Rubina,5
F,2014,Ruchama,5
F,2014,Rumaysa,5
F,2014,Safina,5
F,2014,Safiyah,5
F,2014,Salem,5
F,2014,Saphire,5
F,2014,Savina,5
F,2014,Saya,5
F,2014,Saydee,5
F,2014,Sema,5
F,2014,Semira,5
F,2014,Senna,5
F,2014,Seynabou,5
F,2014,Shae,5
F,2014,Shaila,5
F,2014,Shaniya,5
F,2014,Shavy,5
F,2014,Sheva,5
F,2014,Shirin,5
F,2014,Sidra,5
F,2014,Sivan,5
F,2014,Skylynn,5
F,2014,Soha,5
F,2014,Sole,5
F,2014,Starr,5
F,2014,Tahira,5
F,2014,Tahlia,5
F,2014,Talitha,5
F,2014,Tamiya,5
F,2014,Tammy,5
F,2014,Temima,5
F,2014,Tierney,5
F,2014,Tory,5
F,2014,Tzippy,5
F,2014,Tzivi,5
F,2014,Tzivy,5
F,2014,Vanesa,5
F,2014,Veda,5
F,2014,Verna,5
F,2014,Vincenza,5
F,2014,Xyla,5
F,2014,Yakira,5
F,2014,Yehudit,5
F,2014,Yvette,5
F,2014,Zahro,5
F,2014,Zaida,5
F,2014,Zaliyah,5
F,2014,Zaya,5
F,2014,Zeina,5
F,2014,Zuleyka,5
M,2014,Jacob,1302
M,2014,Liam,1276
M,2014,Ethan,1256
M,2014,Michael,1243
M,2014,Noah,1142
M,2014,Joseph,1118
M,2014,Mason,1081
M,2014,Matthew,1060
M,2014,Alexander,1050
M,2014,Lucas,1035
M,2014,Daniel,1029
M,2014,Jayden,983
M,2014,Ryan,926
M,2014,Dylan,917
M,2014,David,910
M,2014,Aiden,906
M,2014,James,905
M,2014,Anthony,893
M,2014,Benjamin,869
M,2014,Logan,824
M,2014,William,754
M,2014,Nicholas,731
M,2014,Christopher,720
M,2014,John,681
M,2014,Joshua,680
M,2014,Jack,676
M,2014,Andrew,648
M,2014,Samuel,640
M,2014,Gabriel,619
M,2014,Jackson,617
M,2014,Sebastian,610
M,2014,Elijah,600
M,2014,Carter,553
M,2014,Christian,544
M,2014,Nathan,526
M,2014,Henry,524
M,2014,Jonathan,522
M,2014,Owen,505
M,2014,Thomas,504
M,2014,Aaron,483
M,2014,Adam,474
M,2014,Isaac,473
M,2014,Hunter,468
M,2014,Jason,454
M,2014,Luke,451
M,2014,Justin,450
M,2014,Oliver,448
M,2014,Tyler,444
M,2014,Evan,436
M,2014,Julian,423
M,2014,Charles,422
M,2014,Brandon,416
M,2014,Caleb,415
M,2014,Jeremiah,414
M,2014,Chase,404
M,2014,Zachary,400
M,2014,Austin,389
M,2014,Gavin,384
M,2014,Dominic,383
M,2014,Kevin,383
M,2014,Connor,378
M,2014,Eli,375
M,2014,Adrian,357
M,2014,Moshe,350
M,2014,Jordan,347
M,2014,Robert,346
M,2014,Cameron,343
M,2014,Angel,328
M,2014,Ian,328
M,2014,Jace,326
M,2014,Landon,324
M,2014,Leo,311
M,2014,Luca,307
M,2014,Nathaniel,306
M,2014,Xavier,303
M,2014,Ayden,302
M,2014,Brayden,299
M,2014,Josiah,297
M,2014,Vincent,296
M,2014,Abraham,295
M,2014,Levi,290
M,2014,Kayden,289
M,2014,Isaiah,284
M,2014,Max,282
M,2014,Theodore,269
M,2014,Blake,261
M,2014,Jaxon,260
M,2014,Eric,256
M,2014,Wyatt,256
M,2014,Alex,253
M,2014,Jeremy,252
M,2014,Tristan,249
M,2014,Parker,239
M,2014,Elias,233
M,2014,Giovanni,232
M,2014,Kyle,231
M,2014,Steven,226
M,2014,Jake,223
M,2014,Colin,222
M,2014,Joel,221
M,2014,Declan,220
M,2014,George,218
M,2014,Grayson,216
M,2014,Maxwell,213
M,2014,Bryan,212
M,2014,Amir,210
M,2014,Patrick,209
M,2014,Sean,208
M,2014,Kaiden,205
M,2014,Aidan,202
M,2014,Hudson,200
M,2014,Miles,198
M,2014,Jose,197
M,2014,Muhammad,196
M,2014,Asher,192
M,2014,Brian,191
M,2014,Nolan,190
M,2014,Leonardo,188
M,2014,Luis,185
M,2014,Edward,184
M,2014,Jaxson,182
M,2014,Cooper,181
M,2014,Colton,180
M,2014,Emmanuel,180
M,2014,Richard,180
M,2014,Cole,178
M,2014,Chaim,174
M,2014,Mark,174
M,2014,Timothy,172
M,2014,Antonio,171
M,2014,Peter,171
M,2014,Brody,170
M,2014,Bryce,170
M,2014,Derek,170
M,2014,Jayce,163
M,2014,Yosef,162
M,2014,Harrison,161
M,2014,Carson,159
M,2014,Jaden,159
M,2014,Marcus,159
M,2014,Victor,159
M,2014,Mateo,156
M,2014,Ivan,155
M,2014,Carlos,154
M,2014,Lincoln,151
M,2014,Roman,150
M,2014,Alan,147
M,2014,King,145
M,2014,Ezra,143
M,2014,Nicolas,143
M,2014,Jonah,142
M,2014,Avery,141
M,2014,Riley,140
M,2014,Kai,139
M,2014,Omar,136
M,2014,Paul,135
M,2014,Greyson,134
M,2014,Maximus,131
M,2014,Menachem,131
M,2014,Wesley,131
M,2014,Oscar,130
M,2014,Ryder,130
M,2014,Shimon,130
M,2014,Ashton,129
M,2014,Preston,128
M,2014,Mohamed,127
M,2014,Bradley,126
M,2014,Micah,126
M,2014,Camden,125
M,2014,Andy,124
M,2014,Lorenzo,121
M,2014,Damian,120
M,2014,Julius,120
M,2014,Ali,119
M,2014,Dominick,119
M,2014,Axel,118
M,2014,Jameson,118
M,2014,Lukas,118
M,2014,Mordechai,118
M,2014,Simon,118
M,2014,Raymond,116
M,2014,Jesse,115
M,2014,Yisroel,115
M,2014,Felix,113
M,2014,Shane,113
M,2014,Yehuda,112
M,2014,Devin,110
M,2014,Miguel,109
M,2014,Bentley,108
M,2014,Kaleb,107
M,2014,Kenneth,107
M,2014,Diego,106
M,2014,Juan,105
M,2014,Dean,103
M,2014,Bryson,102
M,2014,Jase,102
M,2014,Cayden,100
M,2014,Emmett,100
M,2014,Jaiden,100
M,2014,Angelo,99
M,2014,Erick,99
M,2014,Alejandro,98
M,2014,Mohammed,98
M,2014,Stephen,97
M,2014,Elliot,96
M,2014,Israel,96
M,2014,Jeffrey,96
M,2014,Sawyer,96
M,2014,Travis,96
M,2014,Louis,95
M,2014,Malachi,95
M,2014,Messiah,95
M,2014,Spencer,95
M,2014,Zion,95
M,2014,Jesus,94
M,2014,Santiago,94
M,2014,Yitzchok,94
M,2014,Hayden,93
M,2014,Karter,93
M,2014,Mohammad,93
M,2014,Ibrahim,92
M,2014,Leon,92
M,2014,Myles,92
M,2014,Silas,92
M,2014,Easton,91
M,2014,Matteo,91
M,2014,Calvin,90
M,2014,Damien,90
M,2014,Jayceon,89
M,2014,Brendan,88
M,2014,Marco,88
M,2014,Aron,87
M,2014,Edwin,87
M,2014,Eliezer,86
M,2014,Everett,86
M,2014,Frank,85
M,2014,Martin,85
M,2014,August,84
M,2014,Anderson,83
M,2014,Javier,83
M,2014,Jude,83
M,2014,Kaden,83
M,2014,Shmuel,81
M,2014,Ari,80
M,2014,Cristian,80
M,2014,Shlomo,80
M,2014,Amari,79
M,2014,Jared,79
M,2014,Solomon,79
M,2014,Weston,79
M,2014,Albert,78
M,2014,Brantley,78
M,2014,Collin,78
M,2014,Meir,78
M,2014,Caiden,77
M,2014,Elliott,77
M,2014,Iker,77
M,2014,Jasper,77
M,2014,Josue,77
M,2014,Salvatore,77
M,2014,Grant,76
M,2014,Jax,75
M,2014,Arthur,74
M,2014,Caden,74
M,2014,Griffin,74
M,2014,Noel,73
M,2014,Peyton,73
M,2014,Rafael,73
M,2014,Zayden,73
M,2014,Avraham,72
M,2014,Bennett,72
M,2014,Chance,72
M,2014,Dante,72
M,2014,Milan,72
M,2014,Rocco,72
M,2014,Abel,71
M,2014,Ayaan,71
M,2014,Brady,71
M,2014,Graham,71
M,2014,Gregory,71
M,2014,Keegan,71
M,2014,Ronan,71
M,2014,Ahmed,70
M,2014,Trevor,70
M,2014,Xander,70
M,2014,Zev,70
M,2014,Rayan,69
M,2014,Enzo,68
M,2014,Finn,68
M,2014,Seth,68
M,2014,Donovan,67
M,2014,Emanuel,67
M,2014,Francis,67
M,2014,Jayson,67
M,2014,Maximilian,67
M,2014,Prince,67
M,2014,Troy,67
M,2014,Yakov,67
M,2014,Charlie,66
M,2014,Philip,66
M,2014,Tanner,66
M,2014,Milo,65
M,2014,Shawn,65
M,2014,Tzvi,65
M,2014,Nico,64
M,2014,Thiago,64
M,2014,Yaakov,64
M,2014,Ariel,63
M,2014,Ezekiel,63
M,2014,Gianni,62
M,2014,Lawrence,62
M,2014,Maddox,62
M,2014,Nasir,62
M,2014,Alexis,61
M,2014,Judah,61
M,2014,Andre,60
M,2014,Brennan,59
M,2014,Cody,59
M,2014,Raphael,59
M,2014,Garrett,58
M,2014,Jadiel,58
M,2014,Jaylen,58
M,2014,Johnny,58
M,2014,Moses,58
M,2014,Rory,58
M,2014,Sam,58
M,2014,Shulem,58
M,2014,Tucker,58
M,2014,Yechiel,58
M,2014,Francisco,57
M,2014,Mendel,57
M,2014,Rowan,57
M,2014,Aden,56
M,2014,Damon,56
M,2014,Alvin,55
M,2014,Chris,55
M,2014,Dov,55
M,2014,Johnathan,55
M,2014,Emerson,54
M,2014,Jay,53
M,2014,Kingston,53
M,2014,Kyrie,53
M,2014,Malik,53
M,2014,Mario,53
M,2014,Reid,53
M,2014,Walter,53
M,2014,Adriel,52
M,2014,Andres,52
M,2014,Conor,52
M,2014,Drew,52
M,2014,Erik,52
M,2014,Skyler,52
M,2014,Bruce,51
M,2014,Darren,51
M,2014,Kendrick,51
M,2014,Allen,50
M,2014,Fernando,50
M,2014,Lipa,50
M,2014,Marc,50
M,2014,Nelson,50
M,2014,Gage,49
M,2014,Hugo,49
M,2014,Shia,49
M,2014,Zane,49
M,2014,Danny,48
M,2014,Ryker,48
M,2014,Abdullah,47
M,2014,Gael,47
M,2014,Jorge,47
M,2014,Marvin,47
M,2014,Reed,47
M,2014,Yusuf,47
M,2014,Edgar,46
M,2014,Ismael,46
M,2014,Kieran,46
M,2014,Luciano,46
M,2014,Matias,46
M,2014,Tenzin,46
M,2014,Vincenzo,46
M,2014,Manuel,45
M,2014,Cesar,44
M,2014,Dennis,44
M,2014,Desmond,44
M,2014,Gary,44
M,2014,Mathew,44
M,2014,Frederick,43
M,2014,Jefferson,43
M,2014,Ricardo,43
M,2014,Adonis,42
M,2014,Carmelo,42
M,2014,Emilio,42
M,2014,Gideon,42
M,2014,Hamza,42
M,2014,Rohan,42
M,2014,Ronald,42
M,2014,Roy,42
M,2014,Luka,41
M,2014,Marcel,41
M,2014,Maxim,41
M,2014,Rylan,41
M,2014,Santino,41
M,2014,Theo,41
M,2014,Alfred,40
M,2014,Avrohom,40
M,2014,Corbin,40
M,2014,Corey,40
M,2014,Derrick,40
M,2014,Eliyahu,40
M,2014,Jimmy,40
M,2014,Joaquin,40
M,2014,Kameron,40
M,2014,Kareem,40
M,2014,Quinn,40
M,2014,Romeo,40
M,2014,Shaya,40
M,2014,Dariel,39
M,2014,Dovid,39
M,2014,Finnegan,39
M,2014,Jakob,39
M,2014,Johan,39
M,2014,Kelvin,39
M,2014,Roberto,39
M,2014,Sincere,39
M,2014,Akiva,38
M,2014,Dillon,38
M,2014,Eason,38
M,2014,Eduardo,38
M,2014,Finley,38
M,2014,Justice,38
M,2014,Keith,38
M,2014,Maverick,38
M,2014,Mayer,38
M,2014,Rhys,38
M,2014,Zaiden,38
M,2014,Zander,38
M,2014,Aryeh,37
M,2014,Conner,37
M,2014,Hassan,37
M,2014,Hector,37
M,2014,Hershy,37
M,2014,Jean,37
M,2014,Jonas,37
M,2014,Landyn,37
M,2014,Malcolm,37
M,2014,Neymar,37
M,2014,Phoenix,37
M,2014,Randy,37
M,2014,Rayyan,37
M,2014,Russell,37
M,2014,Shmiel,37
M,2014,Tobias,37
M,2014,Tony,37
M,2014,Aydin,36
M,2014,Darius,36
M,2014,Grady,36
M,2014,Kian,36
M,2014,Maurice,36
M,2014,Niko,36
M,2014,Scott,36
M,2014,Stanley,36
M,2014,Armani,35
M,2014,Carmine,35
M,2014,Gianluca,35
M,2014,Issac,35
M,2014,Jasiah,35
M,2014,Kristian,35
M,2014,Major,35
M,2014,Mathias,35
M,2014,Mustafa,35
M,2014,Pablo,35
M,2014,Samir,35
M,2014,Ahmad,34
M,2014,Beckett,34
M,2014,Francesco,34
M,2014,Franklin,34
M,2014,Julien,34
M,2014,Kellan,34
M,2014,Khalil,34
M,2014,Landen,34
M,2014,Leonard,34
M,2014,Naftali,34
M,2014,Nehemiah,34
M,2014,Neil,34
M,2014,Orion,34
M,2014,Paxton,34
M,2014,Princeton,34
M,2014,Wilson,34
M,2014,Youssef,34
M,2014,Arjun,33
M,2014,Arlo,33
M,2014,Beau,33
M,2014,Douglas,33
M,2014,Gunnar,33
M,2014,Saul,33
M,2014,Simcha,33
M,2014,Sullivan,33
M,2014,Winston,33
M,2014,Leonidas,32
M,2014,Mekhi,32
M,2014,Pedro,32
M,2014,Quentin,32
M,2014,Ruben,32
M,2014,Sergio,32
M,2014,Taylor,32
M,2014,Amare,31
M,2014,Archer,31
M,2014,Braxton,31
M,2014,Dallas,31
M,2014,Dawson,31
M,2014,Eden,31
M,2014,Hersh,31
M,2014,Holden,31
M,2014,Jariel,31
M,2014,Jerry,31
M,2014,Lazer,31
M,2014,Musa,31
M,2014,Noam,31
M,2014,Phillip,31
M,2014,River,31
M,2014,Tyson,31
M,2014,Uriel,31
M,2014,Zain,31
M,2014,Atticus,30
M,2014,Dexter,30
M,2014,Hershel,30
M,2014,Junior,30
M,2014,Quincy,30
M,2014,Trenton,30
M,2014,Yehoshua,30
M,2014,Yoel,30
M,2014,Zayn,30
M,2014,Aryan,29
M,2014,Benson,29
M,2014,Brayan,29
M,2014,Brooks,29
M,2014,Bryant,29
M,2014,Carl,29
M,2014,Darwin,29
M,2014,Edison,29
M,2014,Ellis,29
M,2014,Legend,29
M,2014,Moishe,29
M,2014,Nikolas,29
M,2014,Roger,29
M,2014,Sage,29
M,2014,Steve,29
M,2014,Yousef,29
M,2014,Abdul,28
M,2014,Aharon,28
M,2014,Anson,28
M,2014,Colt,28
M,2014,Giuseppe,28
M,2014,Kingsley,28
M,2014,Mayson,28
M,2014,Omari,28
M,2014,Shlome,28
M,2014,Usher,28
M,2014,Allan,27
M,2014,Anton,27
M,2014,Ayan,27
M,2014,Ben,27
M,2014,Brycen,27
M,2014,Callen,27
M,2014,Clark,27
M,2014,Enrique,27
M,2014,Harry,27
M,2014,Jalen,27
M,2014,Julio,27
M,2014,Marcos,27
M,2014,Orlando,27
M,2014,Pierce,27
M,2014,Reuben,27
M,2014,Trent,27
M,2014,Trey,27
M,2014,Zachariah,27
M,2014,Adrien,26
M,2014,Dakota,26
M,2014,Devon,26
M,2014,Elian,26
M,2014,Kamden,26
M,2014,Kenny,26
M,2014,London,26
M,2014,Melvin,26
M,2014,Mitchell,26
M,2014,Nathanael,26
M,2014,Nikolai,26
M,2014,Odin,26
M,2014,Warren,26
M,2014,Yaseen,26
M,2014,Zaire,26
M,2014,Ace,25
M,2014,Augustus,25
M,2014,Baruch,25
M,2014,Cyrus,25
M,2014,Dilan,25
M,2014,Elisha,25
M,2014,Fabian,25
M,2014,Karson,25
M,2014,Kellen,25
M,2014,Kimi,25
M,2014,Kobe,25
M,2014,Leland,25
M,2014,Mamadou,25
M,2014,Naftuli,25
M,2014,Syed,25
M,2014,Terry,25
M,2014,Aarav,24
M,2014,Avi,24
M,2014,Braden,24
M,2014,Chad,24
M,2014,Cruz,24
M,2014,Dominik,24
M,2014,Donald,24
M,2014,Dorian,24
M,2014,Elvis,24
M,2014,Emiliano,24
M,2014,Gerard,24
M,2014,Harvey,24
M,2014,Marlon,24
M,2014,Matthias,24
M,2014,Mike,24
M,2014,Shea,24
M,2014,Tate,24
M,2014,Tristen,24
M,2014,Yadiel,24
M,2014,Yisrael,24
M,2014,Zackary,24
M,2014,Alec,23
M,2014,Benzion,23
M,2014,Callan,23
M,2014,Casey,23
M,2014,Cheskel,23
M,2014,Esteban,23
M,2014,Gerald,23
M,2014,Gino,23
M,2014,Kaeden,23
M,2014,Mendy,23
M,2014,Morris,23
M,2014,Sholom,23
M,2014,Zahir,23
M,2014,Zayan,23
M,2014,Alijah,22
M,2014,Andreas,22
M,2014,Avrum,22
M,2014,Bodhi,22
M,2014,Cullen,22
M,2014,Dalton,22
M,2014,Demetrius,22
M,2014,Eitan,22
M,2014,Gunner,22
M,2014,Jamel,22
M,2014,Jermaine,22
M,2014,Joey,22
M,2014,Knox,22
M,2014,Kyler,22
M,2014,Lev,22
M,2014,Lucca,22
M,2014,Lucian,22
M,2014,Lucien,22
M,2014,Marcello,22
M,2014,Markus,22
M,2014,Muhammed,22
M,2014,Royce,22
M,2014,Samson,22
M,2014,Toby,22
M,2014,Anas,21
M,2014,Arian,21
M,2014,Camren,21
M,2014,Eddy,21
M,2014,Elimelech,21
M,2014,Elvin,21
M,2014,Emir,21
M,2014,Ezequiel,21
M,2014,Frankie,21
M,2014,Giancarlo,21
M,2014,Hugh,21
M,2014,Jael,21
M,2014,Jamison,21
M,2014,Kamryn,21
M,2014,Karim,21
M,2014,Killian,21
M,2014,Kolton,21
M,2014,Lance,21
M,2014,Leonel,21
M,2014,Lewis,21
M,2014,Makai,21
M,2014,Marshall,21
M,2014,Rodrigo,21
M,2014,Sheldon,21
M,2014,Terrence,21
M,2014,Titus,21
M,2014,Wayne,21
M,2014,Yair,21
M,2014,Yitzchak,21
M,2014,Adan,20
M,2014,Adyan,20
M,2014,Alberto,20
M,2014,Armando,20
M,2014,Brenden,20
M,2014,Cassius,20
M,2014,Cormac,20
M,2014,Curtis,20
M,2014,Denis,20
M,2014,Gavriel,20
M,2014,Hillel,20
M,2014,Larry,20
M,2014,Lionel,20
M,2014,Maison,20
M,2014,Maximiliano,20
M,2014,Nachman,20
M,2014,Nick,20
M,2014,Pinchas,20
M,2014,Porter,20
M,2014,Robin,20
M,2014,Royal,20
M,2014,Shalom,20
M,2014,Shiloh,20
M,2014,Shloimy,20
M,2014,Stefan,20
M,2014,Taha,20
M,2014,Tomas,20
M,2014,Umar,20
M,2014,Yahya,20
M,2014,Yandel,20
M,2014,Alden,19
M,2014,Armaan,19
M,2014,Boruch,19
M,2014,Bowen,19
M,2014,Brett,19
M,2014,Clayton,19
M,2014,Cory,19
M,2014,Dustin,19
M,2014,Dwayne,19
M,2014,Eliot,19
M,2014,Flynn,19
M,2014,Gordon,19
M,2014,Harold,19
M,2014,Hasan,19
M,2014,Ismail,19
M,2014,Jamal,19
M,2014,Jordi,19
M,2014,Josh,19
M,2014,Kamari,19
M,2014,Konstantinos,19
M,2014,Leandro,19
M,2014,Marcelo,19
M,2014,Marquis,19
M,2014,Nikhil,19
M,2014,Nosson,19
M,2014,Ryland,19
M,2014,Seamus,19
M,2014,Sebastien,19
M,2014,Tyrone,19
M,2014,Valentino,19
M,2014,Waylon,19
M,2014,Xzavier,19
M,2014,Yossi,19
M,2014,Aahil,18
M,2014,Amadou,18
M,2014,Ameer,18
M,2014,Atlas,18
M,2014,Barrett,18
M,2014,Berl,18
M,2014,Billy,18
M,2014,Braeden,18
M,2014,Cairo,18
M,2014,Davion,18
M,2014,Denzel,18
M,2014,Dimitri,18
M,2014,Duvid,18
M,2014,Efraim,18
M,2014,Harper,18
M,2014,Imran,18
M,2014,Isaias,18
M,2014,Ishaan,18
M,2014,Jon,18
M,2014,Kenzo,18
M,2014,Kiyan,18
M,2014,Kristopher,18
M,2014,Moises,18
M,2014,Nash,18
M,2014,Raul,18
M,2014,Ronin,18
M,2014,Savion,18
M,2014,Shaun,18
M,2014,Sterling,18
M,2014,Taj,18
M,2014,Terrance,18
M,2014,Thaddeus,18
M,2014,Ty,18
M,2014,Will,18
M,2014,Wolf,18
M,2014,Yahir,18
M,2014,Aayan,17
M,2014,Abram,17
M,2014,Ares,17
M,2014,Bilal,17
M,2014,Chace,17
M,2014,Darian,17
M,2014,Davis,17
M,2014,Eddie,17
M,2014,Ephraim,17
M,2014,Eugene,17
M,2014,Franco,17
M,2014,Gannon,17
M,2014,Ilan,17
M,2014,Izaiah,17
M,2014,Jahmir,17
M,2014,Jamar,17
M,2014,Jamari,17
M,2014,Jeremias,17
M,2014,Kymani,17
M,2014,Lamar,17
M,2014,Lennox,17
M,2014,Menashe,17
M,2014,Moussa,17
M,2014,Nickolas,17
M,2014,Noe,17
M,2014,Ralph,17
M,2014,Remington,17
M,2014,Remy,17
M,2014,Rex,17
M,2014,Ricky,17
M,2014,Skylar,17
M,2014,Yael,17
M,2014,Yonatan,17
M,2014,Zayne,17
M,2014,Aleksander,16
M,2014,Alonzo,16
M,2014,Alpha,16
M,2014,Axl,16
M,2014,Braydon,16
M,2014,Bruno,16
M,2014,Camryn,16
M,2014,Carlo,16
M,2014,Cash,16
M,2014,Castiel,16
M,2014,Chandler,16
M,2014,Cristopher,16
M,2014,Darnell,16
M,2014,Darryl,16
M,2014,Derick,16
M,2014,Drake,16
M,2014,Duke,16
M,2014,Ezriel,16
M,2014,Harley,16
M,2014,Jai,16
M,2014,Jamie,16
M,2014,Jamir,16
M,2014,Javion,16
M,2014,Jaycob,16
M,2014,Kamren,16
M,2014,Lee,16
M,2014,Madden,16
M,2014,Magnus,16
M,2014,Malakai,16
M,2014,Maximo,16
M,2014,Nate,16
M,2014,Nazir,16
M,2014,Otto,16
M,2014,Raiden,16
M,2014,Reece,16
M,2014,Reese,16
M,2014,Rodney,16
M,2014,Ronnie,16
M,2014,Vihaan,16
M,2014,Walker,16
M,2014,Zechariah,16
M,2014,Amos,15
M,2014,Arvin,15
M,2014,Asa,15
M,2014,Binyomin,15
M,2014,Camron,15
M,2014,Chesky,15
M,2014,Cian,15
M,2014,Constantine,15
M,2014,Craig,15
M,2014,Davian,15
M,2014,Deandre,15
M,2014,Eamon,15
M,2014,Giovanny,15
M,2014,Immanuel,15
M,2014,Jaeden,15
M,2014,Jagger,15
M,2014,Jaime,15
M,2014,Javon,15
M,2014,Jaxen,15
M,2014,Jeffery,15
M,2014,Jensen,15
M,2014,Jett,15
M,2014,Khalid,15
M,2014,Lennon,15
M,2014,Linus,15
M,2014,Marley,15
M,2014,Morgan,15
M,2014,Pinchus,15
M,2014,Rehan,15
M,2014,Shayan,15
M,2014,Shloma,15
M,2014,Terrell,15
M,2014,Tommy,15
M,2014,Vance,15
M,2014,Vince,15
M,2014,Xavi,15
M,2014,Aaden,14
M,2014,Abdulrahman,14
M,2014,Abe,14
M,2014,Achilles,14
M,2014,Adham,14
M,2014,Adiel,14
M,2014,Alessandro,14
M,2014,Alexandre,14
M,2014,Alston,14
M,2014,Arham,14
M,2014,Arturo,14
M,2014,Aydan,14
M,2014,Benny,14
M,2014,Berish,14
M,2014,Bernard,14
M,2014,Branden,14
M,2014,Byron,14
M,2014,Colten,14
M,2014,Conrad,14
M,2014,Dashiell,14
M,2014,Dave,14
M,2014,Demetri,14
M,2014,Dyland,14
M,2014,Emil,14
M,2014,Gerardo,14
M,2014,Harris,14
M,2014,Hendrix,14
M,2014,Ilyas,14
M,2014,Jakub,14
M,2014,Joziah,14
M,2014,Kash,14
M,2014,Krish,14
M,2014,Leibish,14
M,2014,Lenny,14
M,2014,Mauricio,14
M,2014,Md,14
M,2014,Meilech,14
M,2014,Miller,14
M,2014,Misael,14
M,2014,Mordche,14
M,2014,Otis,14
M,2014,Oumar,14
M,2014,Payton,14
M,2014,Ramon,14
M,2014,Reuven,14
M,2014,Reyansh,14
M,2014,Saif,14
M,2014,Wade,14
M,2014,Yariel,14
M,2014,Yidel,14
M,2014,Zamir,14
M,2014,Aamir,13
M,2014,Abdoulaye,13
M,2014,Alfredo,13
M,2014,Antoine,13
M,2014,Azariah,13
M,2014,Binyamin,13
M,2014,Cade,13
M,2014,Cillian,13
M,2014,Crosby,13
M,2014,Damir,13
M,2014,Dangelo,13
M,2014,Davon,13
M,2014,Dereck,13
M,2014,Duncan,13
M,2014,Elan,13
M,2014,Eliel,13
M,2014,Emmet,13
M,2014,Ernest,13
M,2014,Graysen,13
M,2014,Guy,13
M,2014,Howard,13
M,2014,Ibrahima,13
M,2014,Izayah,13
M,2014,Jeancarlos,13
M,2014,Johann,13
M,2014,Josef,13
M,2014,Kabir,13
M,2014,Kalel,13
M,2014,Kayson,13
M,2014,Keenan,13
M,2014,Kody,13
M,2014,Laith,13
M,2014,Langston,13
M,2014,Layne,13
M,2014,Makhi,13
M,2014,Micheal,13
M,2014,Quintin,13
M,2014,Quinton,13
M,2014,Rian,13
M,2014,Roland,13
M,2014,Safwan,13
M,2014,Sami,13
M,2014,Shaul,13
M,2014,Shloime,13
M,2014,Shraga,13
M,2014,Smith,13
M,2014,Stephan,13
M,2014,Tyrell,13
M,2014,Vladimir,13
M,2014,Yasin,13
M,2014,Aayden,12
M,2014,Amere,12
M,2014,Amin,12
M,2014,Azaan,12
M,2014,Benedict,12
M,2014,Bentzion,12
M,2014,Brock,12
M,2014,Brodie,12
M,2014,Callum,12
M,2014,Clarence,12
M,2014,Dario,12
M,2014,Denim,12
M,2014,Deon,12
M,2014,Enoch,12
M,2014,Ervin,12
M,2014,Felipe,12
M,2014,Finnian,12
M,2014,Fred,12
M,2014,Gionni,12
M,2014,Gustavo,12
M,2014,Hezekiah,12
M,2014,Isa,12
M,2014,Issa,12
M,2014,Jair,12
M,2014,Jaquan,12
M,2014,Jaydon,12
M,2014,Jayse,12
M,2014,Jedidiah,12
M,2014,Jerome,12
M,2014,Joe,12
M,2014,Josias,12
M,2014,Kade,12
M,2014,Kamron,12
M,2014,Maksim,12
M,2014,Malek,12
M,2014,Mariano,12
M,2014,Massimo,12
M,2014,Meyer,12
M,2014,Mouhamed,12
M,2014,Neal,12
M,2014,Rafi,12
M,2014,Raheem,12
M,2014,Ray,12
M,2014,Raylan,12
M,2014,Rhett,12
M,2014,Saad,12
M,2014,Timmy,12
M,2014,Tristian,12
M,2014,Westin,12
M,2014,Yechezkel,12
M,2014,Zaid,12
M,2014,Zalman,12
M,2014,Zayd,12
M,2014,Abdiel,11
M,2014,Addison,11
M,2014,Adnan,11
M,2014,Ahnaf,11
M,2014,Alen,11
M,2014,Alistair,11
M,2014,Ammar,11
M,2014,Angus,11
M,2014,Antony,11
M,2014,Aston,11
M,2014,Bastian,11
M,2014,Braiden,11
M,2014,Braylen,11
M,2014,Ciaran,11
M,2014,Cohen,11
M,2014,Dale,11
M,2014,Darien,11
M,2014,Dax,11
M,2014,Domenico,11
M,2014,Emery,11
M,2014,Emmitt,11
M,2014,Faris,11
M,2014,Filip,11
M,2014,Giorgio,11
M,2014,Giovani,11
M,2014,Harlan,11
M,2014,Henrik,11
M,2014,Idris,11
M,2014,Ignacio,11
M,2014,Jamil,11
M,2014,Joell,11
M,2014,Jordy,11
M,2014,Jovani,11
M,2014,Jovanni,11
M,2014,Juelz,11
M,2014,Kamil,11
M,2014,Karas,11
M,2014,Karl,11
M,2014,Kason,11
M,2014,Keaton,11
M,2014,Kendall,11
M,2014,Kurt,11
M,2014,Lochlan,11
M,2014,Marcellus,11
M,2014,Niall,11
M,2014,Nikita,11
M,2014,Oakley,11
M,2014,Oren,11
M,2014,Phineas,11
M,2014,Richie,11
M,2014,Rocky,11
M,2014,Rolando,11
M,2014,Sky,11
M,2014,Sonny,11
M,2014,Ulises,11
M,2014,Wilmer,11
M,2014,Yonah,11
M,2014,Yousuf,11
M,2014,Zakariya,11
M,2014,Zeke,11
M,2014,Abdoul,10
M,2014,Adem,10
M,2014,Aidyn,10
M,2014,Ajay,10
M,2014,Akeem,10
M,2014,Amar,10
M,2014,Brysen,10
M,2014,Campbell,10
M,2014,Cason,10
M,2014,Channing,10
M,2014,Colby,10
M,2014,Colden,10
M,2014,Cristiano,10
M,2014,Damari,10
M,2014,Dan,10
M,2014,Daniyal,10
M,2014,Davin,10
M,2014,Deacon,10
M,2014,Dempsey,10
M,2014,Dev,10
M,2014,Domenic,10
M,2014,Ean,10
M,2014,Edmund,10
M,2014,Efrain,10
M,2014,Elya,10
M,2014,Ernesto,10
M,2014,Eshan,10
M,2014,Gavyn,10
M,2014,Guillermo,10
M,2014,Gus,10
M,2014,Haris,10
M,2014,Hussein,10
M,2014,Ishan,10
M,2014,Isiah,10
M,2014,Jahlil,10
M,2014,Jarell,10
M,2014,Jerick,10
M,2014,Jessiah,10
M,2014,Kacper,10
M,2014,Kane,10
M,2014,Kenan,10
M,2014,Kyree,10
M,2014,Lester,10
M,2014,Luigi,10
M,2014,Lyam,10
M,2014,Mahmoud,10
M,2014,Mechel,10
M,2014,Mikail,10
M,2014,Mohamad,10
M,2014,Naftula,10
M,2014,Nigel,10
M,2014,Oskar,10
M,2014,Qasim,10
M,2014,Rashad,10
M,2014,Rene,10
M,2014,Sabastian,10
M,2014,Sammy,10
M,2014,Sylas,10
M,2014,Syncere,10
M,2014,Talon,10
M,2014,Todd,10
M,2014,Veer,10
M,2014,Vicente,10
M,2014,Vito,10
M,2014,Yassin,10
M,2014,Yehudah,10
M,2014,Yeshaya,10
M,2014,Yochanan,10
M,2014,Yuvraj,10
M,2014,Zack,10
M,2014,Zakai,10
M,2014,Zakaria,10
M,2014,Zalmen,10
M,2014,Zavier,10
M,2014,Aariz,9
M,2014,Abubakar,9
M,2014,Aditya,9
M,2014,Ahsan,9
M,2014,Alonso,9
M,2014,Alter,9
M,2014,Arden,9
M,2014,Arion,9
M,2014,Arya,9
M,2014,Avian,9
M,2014,Benyamin,9
M,2014,Berel,9
M,2014,Bradyn,9
M,2014,Branson,9
M,2014,Brent,9
M,2014,Brice,9
M,2014,Casper,9
M,2014,Christos,9
M,2014,Clyde,9
M,2014,Deniz,9
M,2014,Deshawn,9
M,2014,Dion,9
M,2014,Dontae,9
M,2014,Elmer,9
M,2014,Eluzer,9
M,2014,Enmanuel,9
M,2014,Ethyn,9
M,2014,Farhan,9
M,2014,Feynman,9
M,2014,Finnley,9
M,2014,Garrison,9
M,2014,Geoffrey,9
M,2014,Gershon,9
M,2014,Grey,9
M,2014,Haider,9
M,2014,Heath,9
M,2014,Isreal,9
M,2014,Izaak,9
M,2014,Jabari,9
M,2014,Jacen,9
M,2014,Jadon,9
M,2014,Jaheim,9
M,2014,Jaiceon,9
M,2014,Jairo,9
M,2014,Jakai,9
M,2014,Januel,9
M,2014,Jaydan,9
M,2014,Jayvion,9
M,2014,Kaidyn,9
M,2014,Kasen,9
M,2014,Kazi,9
M,2014,Keller,9
M,2014,Keon,9
M,2014,Keyon,9
M,2014,Kohen,9
M,2014,Kolby,9
M,2014,Lane,9
M,2014,Leroy,9
M,2014,Lior,9
M,2014,Lucius,9
M,2014,Malaki,9
M,2014,Marko,9
M,2014,Mattias,9
M,2014,Mazen,9
M,2014,Memphis,9
M,2014,Mikel,9
M,2014,Mikhail,9
M,2014,Muhammadali,9
M,2014,Nikko,9
M,2014,Nixon,9
M,2014,Olivier,9
M,2014,Om,9
M,2014,Osvaldo,9
M,2014,Ousmane,9
M,2014,Paris,9
M,2014,Quadir,9
M,2014,Rick,9
M,2014,Robinson,9
M,2014,Rowen,9
M,2014,Rudy,9
M,2014,Said,9
M,2014,Salvador,9
M,2014,Sekou,9
M,2014,Selim,9
M,2014,Semaj,9
M,2014,Sender,9
M,2014,Stefano,9
M,2014,Stephon,9
M,2014,Teagan,9
M,2014,Terence,9
M,2014,Triston,9
M,2014,Tyree,9
M,2014,Vaughn,9
M,2014,Yasir,9
M,2014,Yona,9
M,2014,Yusef,9
M,2014,Zyaire,9
M,2014,Aarush,8
M,2014,Abdulaziz,8
M,2014,Abner,8
M,2014,Aboubacar,8
M,2014,Aedan,8
M,2014,Aldo,8
M,2014,Alessio,8
M,2014,Alexandros,8
M,2014,Alexavier,8
M,2014,Alexzander,8
M,2014,Antonino,8
M,2014,Araf,8
M,2014,Barry,8
M,2014,Boaz,8
M,2014,Boden,8
M,2014,Bodie,8
M,2014,Braylon,8
M,2014,Burech,8
M,2014,Cedric,8
M,2014,Chayce,8
M,2014,Crew,8
M,2014,Daquan,8
M,2014,Daris,8
M,2014,Darrell,8
M,2014,Dayton,8
M,2014,Deegan,8
M,2014,Destin,8
M,2014,Devan,8
M,2014,Devonte,8
M,2014,Devyn,8
M,2014,Dhruv,8
M,2014,Dimitrios,8
M,2014,Divine,8
M,2014,Don,8
M,2014,Donnell,8
M,2014,Donte,8
M,2014,Edmond,8
M,2014,Elie,8
M,2014,Eliseo,8
M,2014,Faizan,8
M,2014,Fletcher,8
M,2014,Ford,8
M,2014,Giacomo,8
M,2014,Gian,8
M,2014,Hansel,8
M,2014,Hanson,8
M,2014,Haroon,8
M,2014,Hashim,8
M,2014,Henri,8
M,2014,Herman,8
M,2014,Irving,8
M,2014,Ishmael,8
M,2014,Jacoby,8
M,2014,Jahir,8
M,2014,Jan,8
M,2014,Janiel,8
M,2014,Jarrett,8
M,2014,Jarvis,8
M,2014,Jawad,8
M,2014,Jayren,8
M,2014,Jaysen,8
M,2014,Jeff,8
M,2014,Jelani,8
M,2014,Jeramiah,8
M,2014,Jeriel,8
M,2014,Jesiah,8
M,2014,Jionni,8
M,2014,Jonathon,8
M,2014,Jordin,8
M,2014,Jordyn,8
M,2014,Jowell,8
M,2014,Kadeem,8
M,2014,Kahlil,8
M,2014,Keagan,8
M,2014,Keanu,8
M,2014,Khaled,8
M,2014,Kiran,8
M,2014,Kyan,8
M,2014,Landin,8
M,2014,Lathan,8
M,2014,Lenox,8
M,2014,Lian,8
M,2014,Lyle,8
M,2014,Marek,8
M,2014,Marlo,8
M,2014,Marquise,8
M,2014,Masen,8
M,2014,Maxson,8
M,2014,Maxton,8
M,2014,Milton,8
M,2014,Moishy,8
M,2014,Nachmen,8
M,2014,Nikolaos,8
M,2014,Nova,8
M,2014,Orin,8
M,2014,Osman,8
M,2014,Pharaoh,8
M,2014,Pierre,8
M,2014,Pietro,8
M,2014,Reagan,8
M,2014,Refael,8
M,2014,Reginald,8
M,2014,Rome,8
M,2014,Ronen,8
M,2014,Ronny,8
M,2014,Rony,8
M,2014,Ross,8
M,2014,Rudolph,8
M,2014,Sahil,8
M,2014,Saleh,8
M,2014,Sameer,8
M,2014,Sanjay,8
M,2014,Santana,8
M,2014,Santos,8
M,2014,Shaan,8
M,2014,Shamel,8
M,2014,Shaye,8
M,2014,Shloima,8
M,2014,Simeon,8
M,2014,Soren,8
M,2014,Sruly,8
M,2014,Theodor,8
M,2014,Thor,8
M,2014,Tiago,8
M,2014,Trevon,8
M,2014,Tyrese,8
M,2014,Uriah,8
M,2014,Waleed,8
M,2014,Wes,8
M,2014,Xavion,8
M,2014,Yadier,8
M,2014,Yazan,8
M,2014,Yecheskel,8
M,2014,Yida,8
M,2014,Zach,8
M,2014,Zvi,8
M,2014,Abba,7
M,2014,Abdallah,7
M,2014,Abdulla,7
M,2014,Abrar,7
M,2014,Adin,7
M,2014,Adriano,7
M,2014,Ahron,7
M,2014,Alfonso,7
M,2014,Alvaro,7
M,2014,Amani,7
M,2014,Amr,7
M,2014,Amrom,7
M,2014,Anders,7
M,2014,Andi,7
M,2014,Ansh,7
M,2014,Apollo,7
M,2014,Archie,7
M,2014,Arman,7
M,2014,Ashar,7
M,2014,Aubrey,7
M,2014,Ayman,7
M,2014,Ayoub,7
M,2014,Ayub,7
M,2014,Benicio,7
M,2014,Bishop,7
M,2014,Blaise,7
M,2014,Blaze,7
M,2014,Bobby,7
M,2014,Bode,7
M,2014,Boubacar,7
M,2014,Brayson,7
M,2014,Brighton,7
M,2014,Brooklyn,7
M,2014,Caeden,7
M,2014,Calder,7
M,2014,Calix,7
M,2014,Camdyn,7
M,2014,Case,7
M,2014,Chayse,7
M,2014,Clay,7
M,2014,Clinton,7
M,2014,Conan,7
M,2014,Dandre,7
M,2014,Dane,7
M,2014,Dashawn,7
M,2014,Daxton,7
M,2014,Deen,7
M,2014,Denny,7
M,2014,Denver,7
M,2014,Deven,7
M,2014,Domenick,7
M,2014,Earl,7
M,2014,Egypt,7
M,2014,Ehan,7
M,2014,Ehsan,7
M,2014,Ely,7
M,2014,Enrico,7
M,2014,Eren,7
M,2014,Ezio,7
M,2014,Fitzgerald,7
M,2014,Forrest,7
M,2014,Fox,7
M,2014,Freddy,7
M,2014,Fynn,7
M,2014,Glen,7
M,2014,Graeme,7
M,2014,Hayes,7
M,2014,Irvin,7
M,2014,Isai,7
M,2014,Izaac,7
M,2014,Jacky,7
M,2014,Jad,7
M,2014,Jahsiah,7
M,2014,Jaleel,7
M,2014,Jalil,7
M,2014,Jasir,7
M,2014,Jencarlos,7
M,2014,Jiovanni,7
M,2014,Johnson,7
M,2014,Judson,7
M,2014,Kadin,7
M,2014,Kael,7
M,2014,Kale,7
M,2014,Kallen,7
M,2014,Kayleb,7
M,2014,Ken,7
M,2014,Kennedy,7
M,2014,Kenyon,7
M,2014,Kole,7
M,2014,Korey,7
M,2014,Kris,7
M,2014,Lachlan,7
M,2014,Layton,7
M,2014,Leib,7
M,2014,Leiby,7
M,2014,Leighton,7
M,2014,Leslie,7
M,2014,Lloyd,7
M,2014,Luc,7
M,2014,Lukasz,7
M,2014,Marques,7
M,2014,Marwan,7
M,2014,Maximillian,7
M,2014,Mehki,7
M,2014,Mikael,7
M,2014,Motty,7
M,2014,Mykel,7
M,2014,Nabil,7
M,2014,Nana,7
M,2014,Nehemias,7
M,2014,Neo,7
M,2014,Nesanel,7
M,2014,Niam,7
M,2014,Nissim,7
M,2014,Nizar,7
M,2014,Noa,7
M,2014,Noach,7
M,2014,Omer,7
M,2014,Quinten,7
M,2014,Raihan,7
M,2014,Rayden,7
M,2014,Remi,7
M,2014,Reynaldo,7
M,2014,Rio,7
M,2014,Ron,7
M,2014,Roshan,7
M,2014,Rylee,7
M,2014,Saeed,7
M,2014,Saifan,7
M,2014,Salah,7
M,2014,Shaquan,7
M,2014,Shaquille,7
M,2014,Shiv,7
M,2014,Shlomie,7
M,2014,Shneur,7
M,2014,Sidney,7
M,2014,Souleymane,7
M,2014,Sydney,7
M,2014,Sylvester,7
M,2014,Tahir,7
M,2014,Tariq,7
M,2014,Taseen,7
M,2014,Tayden,7
M,2014,Thatcher,7
M,2014,Thorin,7
M,2014,Tobin,7
M,2014,Trayvon,7
M,2014,Tremaine,7
M,2014,Trystan,7
M,2014,Uziel,7
M,2014,Van,7
M,2014,Wali,7
M,2014,Wallace,7
M,2014,Westley,7
M,2014,Willie,7
M,2014,Xaiden,7
M,2014,Yonason,7
M,2014,Yousaf,7
M,2014,Yuri,7
M,2014,Zen,7
M,2014,Zephaniah,7
M,2014,Zyon,7
M,2014,Aaban,6
M,2014,Abbas,6
M,2014,Abir,6
M,2014,Adir,6
M,2014,Affan,6
M,2014,Aman,6
M,2014,Amirjon,6
M,2014,Andrea,6
M,2014,Anisjon,6
M,2014,Aries,6
M,2014,Artem,6
M,2014,Arye,6
M,2014,Asadbek,6
M,2014,Atreyu,6
M,2014,Auden,6
M,2014,Augustin,6
M,2014,Augustine,6
M,2014,Aurelio,6
M,2014,Austyn,6
M,2014,Avion,6
M,2014,Azim,6
M,2014,Aziz,6
M,2014,Azlan,6
M,2014,Baron,6
M,2014,Bear,6
M,2014,Beckham,6
M,2014,Behruz,6
M,2014,Bjorn,6
M,2014,Brad,6
M,2014,Brendon,6
M,2014,Bryden,6
M,2014,Calum,6
M,2014,Cameren,6
M,2014,Camilo,6
M,2014,Camrin,6
M,2014,Carlton,6
M,2014,Cavan,6
M,2014,Cayson,6
M,2014,Chananya,6
M,2014,Coby,6
M,2014,Coleman,6
M,2014,Corwin,6
M,2014,Cristofer,6
M,2014,Damier,6
M,2014,Danial,6
M,2014,Darion,6
M,2014,Daryl,6
M,2014,Dash,6
M,2014,Daviel,6
M,2014,Deangelo,6
M,2014,Deondre,6
M,2014,Dhilan,6
M,2014,Dillan,6
M,2014,Dior,6
M,2014,Donavan,6
M,2014,Dream,6
M,2014,Duane,6
M,2014,Dyllan,6
M,2014,Eamonn,6
M,2014,Eben,6
M,2014,Edin,6
M,2014,Eian,6
M,2014,Elon,6
M,2014,Elyas,6
M,2014,Erwin,6
M,2014,Eyal,6
M,2014,Eytan,6
M,2014,Foster,6
M,2014,Gareth,6
M,2014,Geovanni,6
M,2014,Geovanny,6
M,2014,Giancarlos,6
M,2014,Gilbert,6
M,2014,Giorgi,6
M,2014,Glenn,6
M,2014,Graydon,6
M,2014,Hadi,6
M,2014,Hamid,6
M,2014,Heriberto,6
M,2014,Ibraheem,6
M,2014,Idan,6
M,2014,Ike,6
M,2014,Ilias,6
M,2014,Ishaq,6
M,2014,Jackie,6
M,2014,Jacobi,6
M,2014,Jacobo,6
M,2014,Jadriel,6
M,2014,Jahdiel,6
M,2014,Jakhi,6
M,2014,Javien,6
M,2014,Jaxsen,6
M,2014,Jaxton,6
M,2014,Jayveon,6
M,2014,Jeremih,6
M,2014,Jeter,6
M,2014,Jethro,6
M,2014,Jhon,6
M,2014,Jhonny,6
M,2014,Jibreel,6
M,2014,Joan,6
M,2014,Jomar,6
M,2014,Jordany,6
M,2014,Jorden,6
M,2014,Jordon,6
M,2014,Joy,6
M,2014,Junaid,6
M,2014,Justus,6
M,2014,Justyn,6
M,2014,Kairo,6
M,2014,Kalvin,6
M,2014,Kamrin,6
M,2014,Karsen,6
M,2014,Kase,6
M,2014,Kavin,6
M,2014,Kaysen,6
M,2014,Kellin,6
M,2014,Kent,6
M,2014,Kerem,6
M,2014,Kerry,6
M,2014,Keyshawn,6
M,2014,Kiernan,6
M,2014,Kodi,6
M,2014,Konstantin,6
M,2014,Konstantine,6
M,2014,Kory,6
M,2014,Kye,6
M,2014,Kylan,6
M,2014,Kylen,6
M,2014,Kyng,6
M,2014,Kyron,6
M,2014,Lamont,6
M,2014,Laszlo,6
M,2014,Laurence,6
M,2014,Lawson,6
M,2014,Leander,6
M,2014,Lemuel,6
M,2014,Leopold,6
M,2014,Lliam,6
M,2014,Loren,6
M,2014,Mack,6
M,2014,Mahad,6
M,2014,Mahdi,6
M,2014,Maher,6
M,2014,Manny,6
M,2014,Marius,6
M,2014,Massiah,6
M,2014,Masyn,6
M,2014,Matan,6
M,2014,Mauro,6
M,2014,Meshulem,6
M,2014,Miguelangel,6
M,2014,Montana,6
M,2014,Montgomery,6
M,2014,Mordcha,6
M,2014,Murphy,6
M,2014,Naftoli,6
M,2014,Nakai,6
M,2014,Nasser,6
M,2014,Natan,6
M,2014,Natanael,6
M,2014,Neel,6
M,2014,Nile,6
M,2014,Nuchem,6
M,2014,Ocean,6
M,2014,Orson,6
M,2014,Othniel,6
M,2014,Ovadia,6
M,2014,Panagiotis,6
M,2014,Patryk,6
M,2014,Philippe,6
M,2014,Quintus,6
M,2014,Rahim,6
M,2014,Rahman,6
M,2014,Rahul,6
M,2014,Rami,6
M,2014,Randall,6
M,2014,Ranveer,6
M,2014,Raymon,6
M,2014,Rey,6
M,2014,Rishi,6
M,2014,Rogan,6
M,2014,Rogelio,6
M,2014,Ryley,6
M,2014,Sahib,6
M,2014,Saleem,6
M,2014,Salman,6
M,2014,Sarim,6
M,2014,Seven,6
M,2014,Sharif,6
M,2014,Shaurya,6
M,2014,Shayaan,6
M,2014,Sheikh,6
M,2014,Shohjahon,6
M,2014,Slade,6
M,2014,Stone,6
M,2014,Subhan,6
M,2014,Suleiman,6
M,2014,Sultan,6
M,2014,Tafari,6
M,2014,Tahj,6
M,2014,Tahmid,6
M,2014,Talha,6
M,2014,Tom,6
M,2014,Treyvon,6
M,2014,Tyquan,6
M,2014,Usman,6
M,2014,Viktor,6
M,2014,Wendell,6
M,2014,Wilfredo,6
M,2014,Willem,6
M,2014,Yamir,6
M,2014,Yan,6
M,2014,Yaniel,6
M,2014,Yanky,6
M,2014,Yasser,6
M,2014,Yoseph,6
M,2014,Yuda,6
M,2014,Yunus,6
M,2014,Zayvion,6
M,2014,Zephyr,6
M,2014,Zyair,6
M,2014,Zyan,6
M,2014,Aakash,5
M,2014,Aaryn,5
M,2014,Aayush,5
M,2014,Abriel,5
M,2014,Abyan,5
M,2014,Adonijah,5
M,2014,Agustin,5
M,2014,Ahmir,5
M,2014,Akil,5
M,2014,Akira,5
M,2014,Alek,5
M,2014,Aleksandr,5
M,2014,Alisher,5
M,2014,Amaan,5
M,2014,Amarion,5
M,2014,Amauri,5
M,2014,Amine,5
M,2014,Amit,5
M,2014,Anand,5
M,2014,Anish,5
M,2014,Ansel,5
M,2014,Antwan,5
M,2014,Arin,5
M,2014,Arlen,5
M,2014,Arlind,5
M,2014,Armand,5
M,2014,Armin,5
M,2014,Arnav,5
M,2014,Asad,5
M,2014,Aslan,5
M,2014,Austen,5
M,2014,Auston,5
M,2014,Avigdor,5
M,2014,Avrumy,5
M,2014,Axton,5
M,2014,Azan,5
M,2014,Azimjon,5
M,2014,Azriel,5
M,2014,Bailey,5
M,2014,Bentlee,5
M,2014,Bo,5
M,2014,Boone,5
M,2014,Bradlee,5
M,2014,Braylin,5
M,2014,Brennen,5
M,2014,Brentley,5
M,2014,Broderick,5
M,2014,Caesar,5
M,2014,Cain,5
M,2014,Cale,5
M,2014,Cannon,5
M,2014,Carmen,5
M,2014,Carsyn,5
M,2014,Cartier,5
M,2014,Casen,5
M,2014,Claudio,5
M,2014,Clifford,5
M,2014,Coen,5
M,2014,Cristobal,5
M,2014,Damion,5
M,2014,Daren,5
M,2014,Demari,5
M,2014,Demir,5
M,2014,Derik,5
M,2014,Devante,5
M,2014,Dixon,5
M,2014,Donny,5
M,2014,Dovber,5
M,2014,Dwight,5
M,2014,Eder,5
M,2014,Eesa,5
M,2014,Eiden,5
M,2014,Eithan,5
M,2014,Elazar,5
M,2014,Elchonon,5
M,2014,Eliav,5
M,2014,Elmin,5
M,2014,Emin,5
M,2014,Emory,5
M,2014,Emre,5
M,2014,Eoin,5
M,2014,Essa,5
M,2014,Ever,5
M,2014,Evin,5
M,2014,Ewan,5
M,2014,Ezrah,5
M,2014,Fabio,5
M,2014,Farid,5
M,2014,Fisher,5
M,2014,Fredrick,5
M,2014,Gadiel,5
M,2014,Gaetano,5
M,2014,Gedalya,5
M,2014,German,5
M,2014,Gibson,5
M,2014,Gio,5
M,2014,Giovonni,5
M,2014,Gray,5
M,2014,Hank,5
M,2014,Hanley,5
M,2014,Harlem,5
M,2014,Haziel,5
M,2014,Hisham,5
M,2014,Horace,5
M,2014,Hossain,5
M,2014,Hussain,5
M,2014,Igor,5
M,2014,Ira,5
M,2014,Irfan,5
M,2014,Itai,5
M,2014,Itamar,5
M,2014,Jacques,5
M,2014,Jafar,5
M,2014,Jahmari,5
M,2014,Jahsir,5
M,2014,Jaice,5
M,2014,Jaidyn,5
M,2014,Jalal,5
M,2014,Jamere,5
M,2014,Jarek,5
M,2014,Jaron,5
M,2014,Jarred,5
M,2014,Jasen,5
M,2014,Jasin,5
M,2014,Javan,5
M,2014,Javian,5
M,2014,Javid,5
M,2014,Jaxx,5
M,2014,Jaylin,5
M,2014,Jayquan,5
M,2014,Jayshawn,5
M,2014,Jayvian,5
M,2014,Jeremi,5
M,2014,Jessie,5
M,2014,Jeyren,5
M,2014,Jibril,5
M,2014,Jin,5
M,2014,Joao,5
M,2014,Johnathon,5
M,2014,Johnmichael,5
M,2014,Jonibek,5
M,2014,Joseluis,5
M,2014,Kaan,5
M,2014,Kaedyn,5
M,2014,Kaidan,5
M,2014,Kaito,5
M,2014,Kalman,5
M,2014,Kamdyn,5
M,2014,Kamran,5
M,2014,Karsten,5
M,2014,Kasper,5
M,2014,Kavi,5
M,2014,Kelly,5
M,2014,Keshav,5
M,2014,Keyden,5
M,2014,Kilian,5
M,2014,Kimani,5
M,2014,Kirk,5
M,2014,Kitai,5
M,2014,Koen,5
M,2014,Konner,5
M,2014,Konnor,5
M,2014,Konrad,5
M,2014,Korbyn,5
M,2014,Krishna,5
M,2014,Kyson,5
M,2014,Lamine,5
M,2014,Lashawn,5
M,2014,Levin,5
M,2014,Levy,5
M,2014,Lucio,5
M,2014,Luisangel,5
M,2014,Lyndon,5
M,2014,Maaz,5
M,2014,Mac,5
M,2014,Madison,5
M,2014,Mahamadou,5
M,2014,Maksym,5
M,2014,Marcelino,5
M,2014,Maxon,5
M,2014,Messi,5
M,2014,Michelangelo,5
M,2014,Mikhael,5
M,2014,Mouhamadou,5
M,2014,Mourad,5
M,2014,Muhamed,5
M,2014,Murad,5
M,2014,Mylo,5
M,2014,Naeem,5
M,2014,Naseem,5
M,2014,Nathen,5
M,2014,Naveed,5
M,2014,Naveen,5
M,2014,Nicolo,5
M,2014,Nino,5
M,2014,Nolen,5
M,2014,Norman,5
M,2014,Nussen,5
M,2014,Omarion,5
M,2014,Onyx,5
M,2014,Oriel,5
M,2014,Osiris,5
M,2014,Oswaldo,5
M,2014,Ozzie,5
M,2014,Paolo,5
M,2014,Percy,5
M,2014,Pierson,5
M,2014,Pinchos,5
M,2014,Pranav,5
M,2014,Presley,5
M,2014,Quinlan,5
M,2014,Quran,5
M,2014,Ramses,5
M,2014,Randolph,5
M,2014,Ransom,5
M,2014,Ravi,5
M,2014,Rayaan,5
M,2014,Reilly,5
M,2014,Riker,5
M,2014,Roderick,5
M,2014,Romello,5
M,2014,Sahir,5
M,2014,Salim,5
M,2014,Saverio,5
M,2014,Selvin,5
M,2014,Shai,5
M,2014,Shamar,5
M,2014,Shayne,5
M,2014,Sherif,5
M,2014,Sheya,5
M,2014,Shlok,5
M,2014,Shlomy,5
M,2014,Shmeil,5
M,2014,Shoaib,5
M,2014,Shota,5
M,2014,Siddharth,5
M,2014,Siraj,5
M,2014,Sol,5
M,2014,Soloman,5
M,2014,Sophia,5
M,2014,Stellan,5
M,2014,Storm,5
M,2014,Stuart,5
M,2014,Sufyan,5
M,2014,Summer,5
M,2014,Supreme,5
M,2014,Sylar,5
M,2014,Taheem,5
M,2014,Talan,5
M,2014,Tanveer,5
M,2014,Tarek,5
M,2014,Teddy,5
M,2014,Temur,5
M,2014,Theodoros,5
M,2014,Tiberius,5
M,2014,Tiernan,5
M,2014,Tristin,5
M,2014,Truman,5
M,2014,Tylor,5
M,2014,Uri,5
M,2014,Urijah,5
M,2014,Uzziah,5
M,2014,Valentin,5
M,2014,Varick,5
M,2014,Vasilios,5
M,2014,Vernon,5
M,2014,Viaan,5
M,2014,Vihan,5
M,2014,Vikram,5
M,2014,Vinny,5
M,2014,Vivaan,5
M,2014,Wells,5
M,2014,Wesam,5
M,2014,Wylie,5
M,2014,Yousif,5
M,2014,Zac,5
M,2014,Zahmir,5
M,2014,Zakary,5
M,2014,Zaki,5
M,2014,Zavion,5
M,2014,Zayyan,5
M,2014,Ziad,5
M,2014,Zidan,5
M,2014,Zyir,5